month,borough,age,stop
2018-10-01,Aviation Policing,15 - 19,1
2018-10-01,Aviation Policing,20 - 24,7
2018-10-01,Aviation Policing,25 - 29,3
2018-10-01,Barking & Dagenham,15 - 19,66
2018-10-01,Barking & Dagenham,20 - 24,54
2018-10-01,Barking & Dagenham,25 - 29,30
2018-10-01,Barnet,15 - 19,47
2018-10-01,Barnet,20 - 24,30
2018-10-01,Barnet,25 - 29,18
2018-10-01,Bexley,15 - 19,69
2018-10-01,Bexley,20 - 24,33
2018-10-01,Bexley,25 - 29,25
2018-10-01,Brent,15 - 19,178
2018-10-01,Brent,20 - 24,240
2018-10-01,Brent,25 - 29,124
2018-10-01,Bromley,15 - 19,189
2018-10-01,Bromley,20 - 24,55
2018-10-01,Bromley,25 - 29,45
2018-10-01,Camden,15 - 19,96
2018-10-01,Camden,20 - 24,99
2018-10-01,Camden,25 - 29,65
2018-10-01,Croydon,15 - 19,209
2018-10-01,Croydon,20 - 24,157
2018-10-01,Croydon,25 - 29,75
2018-10-01,Ealing,15 - 19,131
2018-10-01,Ealing,20 - 24,120
2018-10-01,Ealing,25 - 29,57
2018-10-01,Enfield,15 - 19,82
2018-10-01,Enfield,20 - 24,83
2018-10-01,Enfield,25 - 29,28
2018-10-01,Greenwich,15 - 19,114
2018-10-01,Greenwich,20 - 24,71
2018-10-01,Greenwich,25 - 29,43
2018-10-01,Hackney,15 - 19,133
2018-10-01,Hackney,20 - 24,130
2018-10-01,Hackney,25 - 29,79
2018-10-01,Hammersmith & Fulham,15 - 19,56
2018-10-01,Hammersmith & Fulham,20 - 24,78
2018-10-01,Hammersmith & Fulham,25 - 29,40
2018-10-01,Haringey,15 - 19,103
2018-10-01,Haringey,20 - 24,105
2018-10-01,Haringey,25 - 29,72
2018-10-01,Harrow,15 - 19,46
2018-10-01,Harrow,20 - 24,58
2018-10-01,Harrow,25 - 29,47
2018-10-01,Havering,15 - 19,74
2018-10-01,Havering,20 - 24,31
2018-10-01,Havering,25 - 29,21
2018-10-01,Hillingdon,15 - 19,112
2018-10-01,Hillingdon,20 - 24,59
2018-10-01,Hillingdon,25 - 29,46
2018-10-01,Hounslow,15 - 19,131
2018-10-01,Hounslow,20 - 24,93
2018-10-01,Hounslow,25 - 29,60
2018-10-01,Islington,15 - 19,87
2018-10-01,Islington,20 - 24,84
2018-10-01,Islington,25 - 29,49
2018-10-01,Kensington & Chelsea,15 - 19,107
2018-10-01,Kensington & Chelsea,20 - 24,68
2018-10-01,Kensington & Chelsea,25 - 29,52
2018-10-01,Kingston upon Thames,15 - 19,56
2018-10-01,Kingston upon Thames,20 - 24,22
2018-10-01,Kingston upon Thames,25 - 29,17
2018-10-01,Lambeth,15 - 19,323
2018-10-01,Lambeth,20 - 24,261
2018-10-01,Lambeth,25 - 29,154
2018-10-01,Lewisham,15 - 19,121
2018-10-01,Lewisham,20 - 24,86
2018-10-01,Lewisham,25 - 29,58
2018-10-01,Merton,15 - 19,33
2018-10-01,Merton,20 - 24,41
2018-10-01,Merton,25 - 29,18
2018-10-01,Newham,15 - 19,237
2018-10-01,Newham,20 - 24,220
2018-10-01,Newham,25 - 29,122
2018-10-01,Redbridge,15 - 19,46
2018-10-01,Redbridge,20 - 24,44
2018-10-01,Redbridge,25 - 29,33
2018-10-01,Richmond upon Thames,15 - 19,33
2018-10-01,Richmond upon Thames,20 - 24,7
2018-10-01,Richmond upon Thames,25 - 29,12
2018-10-01,Southwark,15 - 19,263
2018-10-01,Southwark,20 - 24,129
2018-10-01,Southwark,25 - 29,81
2018-10-01,Sutton,15 - 19,34
2018-10-01,Sutton,20 - 24,18
2018-10-01,Sutton,25 - 29,15
2018-10-01,Tower Hamlets,15 - 19,228
2018-10-01,Tower Hamlets,20 - 24,283
2018-10-01,Tower Hamlets,25 - 29,144
2018-10-01,Waltham Forest,15 - 19,270
2018-10-01,Waltham Forest,20 - 24,163
2018-10-01,Waltham Forest,25 - 29,67
2018-10-01,Wandsworth,15 - 19,47
2018-10-01,Wandsworth,20 - 24,46
2018-10-01,Wandsworth,25 - 29,27
2018-10-01,Westminster,15 - 19,169
2018-10-01,Westminster,20 - 24,163
2018-10-01,Westminster,25 - 29,99
2018-11-01,Aviation Policing,15 - 19,3
2018-11-01,Aviation Policing,20 - 24,7
2018-11-01,Aviation Policing,25 - 29,3
2018-11-01,Barking & Dagenham,15 - 19,73
2018-11-01,Barking & Dagenham,20 - 24,68
2018-11-01,Barking & Dagenham,25 - 29,28
2018-11-01,Barnet,15 - 19,35
2018-11-01,Barnet,20 - 24,35
2018-11-01,Barnet,25 - 29,23
2018-11-01,Bexley,15 - 19,68
2018-11-01,Bexley,20 - 24,47
2018-11-01,Bexley,25 - 29,24
2018-11-01,Brent,15 - 19,209
2018-11-01,Brent,20 - 24,221
2018-11-01,Brent,25 - 29,128
2018-11-01,Bromley,15 - 19,142
2018-11-01,Bromley,20 - 24,83
2018-11-01,Bromley,25 - 29,57
2018-11-01,Camden,15 - 19,199
2018-11-01,Camden,20 - 24,174
2018-11-01,Camden,25 - 29,99
2018-11-01,Croydon,15 - 19,158
2018-11-01,Croydon,20 - 24,131
2018-11-01,Croydon,25 - 29,72
2018-11-01,Ealing,15 - 19,115
2018-11-01,Ealing,20 - 24,140
2018-11-01,Ealing,25 - 29,101
2018-11-01,Enfield,15 - 19,144
2018-11-01,Enfield,20 - 24,111
2018-11-01,Enfield,25 - 29,68
2018-11-01,Greenwich,15 - 19,98
2018-11-01,Greenwich,20 - 24,72
2018-11-01,Greenwich,25 - 29,26
2018-11-01,Hackney,15 - 19,135
2018-11-01,Hackney,20 - 24,145
2018-11-01,Hackney,25 - 29,111
2018-11-01,Hammersmith & Fulham,15 - 19,116
2018-11-01,Hammersmith & Fulham,20 - 24,93
2018-11-01,Hammersmith & Fulham,25 - 29,37
2018-11-01,Haringey,15 - 19,212
2018-11-01,Haringey,20 - 24,148
2018-11-01,Haringey,25 - 29,92
2018-11-01,Harrow,15 - 19,45
2018-11-01,Harrow,20 - 24,62
2018-11-01,Harrow,25 - 29,26
2018-11-01,Havering,15 - 19,75
2018-11-01,Havering,20 - 24,37
2018-11-01,Havering,25 - 29,16
2018-11-01,Hillingdon,15 - 19,106
2018-11-01,Hillingdon,20 - 24,131
2018-11-01,Hillingdon,25 - 29,65
2018-11-01,Hounslow,15 - 19,134
2018-11-01,Hounslow,20 - 24,146
2018-11-01,Hounslow,25 - 29,88
2018-11-01,Islington,15 - 19,134
2018-11-01,Islington,20 - 24,79
2018-11-01,Islington,25 - 29,66
2018-11-01,Kensington & Chelsea,15 - 19,77
2018-11-01,Kensington & Chelsea,20 - 24,75
2018-11-01,Kensington & Chelsea,25 - 29,56
2018-11-01,Kingston upon Thames,15 - 19,21
2018-11-01,Kingston upon Thames,20 - 24,24
2018-11-01,Kingston upon Thames,25 - 29,8
2018-11-01,Lambeth,15 - 19,420
2018-11-01,Lambeth,20 - 24,349
2018-11-01,Lambeth,25 - 29,213
2018-11-01,Lewisham,15 - 19,189
2018-11-01,Lewisham,20 - 24,115
2018-11-01,Lewisham,25 - 29,72
2018-11-01,Merton,15 - 19,52
2018-11-01,Merton,20 - 24,54
2018-11-01,Merton,25 - 29,17
2018-11-01,Newham,15 - 19,215
2018-11-01,Newham,20 - 24,211
2018-11-01,Newham,25 - 29,144
2018-11-01,Redbridge,15 - 19,80
2018-11-01,Redbridge,20 - 24,42
2018-11-01,Redbridge,25 - 29,31
2018-11-01,Richmond upon Thames,15 - 19,34
2018-11-01,Richmond upon Thames,20 - 24,12
2018-11-01,Richmond upon Thames,25 - 29,13
2018-11-01,Southwark,15 - 19,279
2018-11-01,Southwark,20 - 24,210
2018-11-01,Southwark,25 - 29,109
2018-11-01,Sutton,15 - 19,29
2018-11-01,Sutton,20 - 24,20
2018-11-01,Sutton,25 - 29,16
2018-11-01,Tower Hamlets,15 - 19,294
2018-11-01,Tower Hamlets,20 - 24,405
2018-11-01,Tower Hamlets,25 - 29,221
2018-11-01,Waltham Forest,15 - 19,252
2018-11-01,Waltham Forest,20 - 24,163
2018-11-01,Waltham Forest,25 - 29,79
2018-11-01,Wandsworth,15 - 19,66
2018-11-01,Wandsworth,20 - 24,64
2018-11-01,Wandsworth,25 - 29,47
2018-11-01,Westminster,15 - 19,218
2018-11-01,Westminster,20 - 24,243
2018-11-01,Westminster,25 - 29,168
2018-12-01,Aviation Policing,15 - 19,2
2018-12-01,Aviation Policing,20 - 24,3
2018-12-01,Aviation Policing,25 - 29,1
2018-12-01,Barking & Dagenham,15 - 19,48
2018-12-01,Barking & Dagenham,20 - 24,58
2018-12-01,Barking & Dagenham,25 - 29,28
2018-12-01,Barnet,15 - 19,55
2018-12-01,Barnet,20 - 24,85
2018-12-01,Barnet,25 - 29,41
2018-12-01,Bexley,15 - 19,91
2018-12-01,Bexley,20 - 24,52
2018-12-01,Bexley,25 - 29,26
2018-12-01,Brent,15 - 19,145
2018-12-01,Brent,20 - 24,150
2018-12-01,Brent,25 - 29,81
2018-12-01,Bromley,15 - 19,205
2018-12-01,Bromley,20 - 24,127
2018-12-01,Bromley,25 - 29,88
2018-12-01,Camden,15 - 19,192
2018-12-01,Camden,20 - 24,168
2018-12-01,Camden,25 - 29,142
2018-12-01,Croydon,15 - 19,226
2018-12-01,Croydon,20 - 24,146
2018-12-01,Croydon,25 - 29,88
2018-12-01,Ealing,15 - 19,128
2018-12-01,Ealing,20 - 24,130
2018-12-01,Ealing,25 - 29,87
2018-12-01,Enfield,15 - 19,93
2018-12-01,Enfield,20 - 24,99
2018-12-01,Enfield,25 - 29,63
2018-12-01,Greenwich,15 - 19,130
2018-12-01,Greenwich,20 - 24,77
2018-12-01,Greenwich,25 - 29,50
2018-12-01,Hackney,15 - 19,133
2018-12-01,Hackney,20 - 24,196
2018-12-01,Hackney,25 - 29,141
2018-12-01,Hammersmith & Fulham,15 - 19,99
2018-12-01,Hammersmith & Fulham,20 - 24,64
2018-12-01,Hammersmith & Fulham,25 - 29,52
2018-12-01,Haringey,15 - 19,134
2018-12-01,Haringey,20 - 24,174
2018-12-01,Haringey,25 - 29,84
2018-12-01,Harrow,15 - 19,59
2018-12-01,Harrow,20 - 24,48
2018-12-01,Harrow,25 - 29,30
2018-12-01,Havering,15 - 19,55
2018-12-01,Havering,20 - 24,39
2018-12-01,Havering,25 - 29,33
2018-12-01,Hillingdon,15 - 19,103
2018-12-01,Hillingdon,20 - 24,121
2018-12-01,Hillingdon,25 - 29,59
2018-12-01,Hounslow,15 - 19,152
2018-12-01,Hounslow,20 - 24,155
2018-12-01,Hounslow,25 - 29,101
2018-12-01,Islington,15 - 19,149
2018-12-01,Islington,20 - 24,122
2018-12-01,Islington,25 - 29,104
2018-12-01,Kensington & Chelsea,15 - 19,115
2018-12-01,Kensington & Chelsea,20 - 24,106
2018-12-01,Kensington & Chelsea,25 - 29,87
2018-12-01,Kingston upon Thames,15 - 19,62
2018-12-01,Kingston upon Thames,20 - 24,29
2018-12-01,Kingston upon Thames,25 - 29,15
2018-12-01,Lambeth,15 - 19,274
2018-12-01,Lambeth,20 - 24,248
2018-12-01,Lambeth,25 - 29,147
2018-12-01,Lewisham,15 - 19,134
2018-12-01,Lewisham,20 - 24,100
2018-12-01,Lewisham,25 - 29,67
2018-12-01,Merton,15 - 19,31
2018-12-01,Merton,20 - 24,40
2018-12-01,Merton,25 - 29,27
2018-12-01,Newham,15 - 19,219
2018-12-01,Newham,20 - 24,234
2018-12-01,Newham,25 - 29,161
2018-12-01,Redbridge,15 - 19,52
2018-12-01,Redbridge,20 - 24,50
2018-12-01,Redbridge,25 - 29,26
2018-12-01,Richmond upon Thames,15 - 19,28
2018-12-01,Richmond upon Thames,20 - 24,8
2018-12-01,Richmond upon Thames,25 - 29,15
2018-12-01,Southwark,15 - 19,283
2018-12-01,Southwark,20 - 24,187
2018-12-01,Southwark,25 - 29,136
2018-12-01,Sutton,15 - 19,75
2018-12-01,Sutton,20 - 24,38
2018-12-01,Sutton,25 - 29,28
2018-12-01,Tower Hamlets,15 - 19,277
2018-12-01,Tower Hamlets,20 - 24,343
2018-12-01,Tower Hamlets,25 - 29,216
2018-12-01,Waltham Forest,15 - 19,202
2018-12-01,Waltham Forest,20 - 24,153
2018-12-01,Waltham Forest,25 - 29,90
2018-12-01,Wandsworth,15 - 19,76
2018-12-01,Wandsworth,20 - 24,69
2018-12-01,Wandsworth,25 - 29,36
2018-12-01,Westminster,15 - 19,194
2018-12-01,Westminster,20 - 24,269
2018-12-01,Westminster,25 - 29,159
2019-01-01,Aviation Policing,15 - 19,3
2019-01-01,Aviation Policing,20 - 24,5
2019-01-01,Aviation Policing,25 - 29,3
2019-01-01,Barking & Dagenham,15 - 19,53
2019-01-01,Barking & Dagenham,20 - 24,66
2019-01-01,Barking & Dagenham,25 - 29,40
2019-01-01,Barnet,15 - 19,72
2019-01-01,Barnet,20 - 24,71
2019-01-01,Barnet,25 - 29,38
2019-01-01,Bexley,15 - 19,106
2019-01-01,Bexley,20 - 24,69
2019-01-01,Bexley,25 - 29,31
2019-01-01,Brent,15 - 19,201
2019-01-01,Brent,20 - 24,210
2019-01-01,Brent,25 - 29,111
2019-01-01,Bromley,15 - 19,241
2019-01-01,Bromley,20 - 24,165
2019-01-01,Bromley,25 - 29,95
2019-01-01,Camden,15 - 19,182
2019-01-01,Camden,20 - 24,214
2019-01-01,Camden,25 - 29,139
2019-01-01,Croydon,15 - 19,265
2019-01-01,Croydon,20 - 24,186
2019-01-01,Croydon,25 - 29,140
2019-01-01,Ealing,15 - 19,264
2019-01-01,Ealing,20 - 24,228
2019-01-01,Ealing,25 - 29,107
2019-01-01,Enfield,15 - 19,179
2019-01-01,Enfield,20 - 24,178
2019-01-01,Enfield,25 - 29,81
2019-01-01,Greenwich,15 - 19,144
2019-01-01,Greenwich,20 - 24,98
2019-01-01,Greenwich,25 - 29,51
2019-01-01,Hackney,15 - 19,153
2019-01-01,Hackney,20 - 24,164
2019-01-01,Hackney,25 - 29,88
2019-01-01,Hammersmith & Fulham,15 - 19,134
2019-01-01,Hammersmith & Fulham,20 - 24,96
2019-01-01,Hammersmith & Fulham,25 - 29,56
2019-01-01,Haringey,15 - 19,203
2019-01-01,Haringey,20 - 24,245
2019-01-01,Haringey,25 - 29,131
2019-01-01,Harrow,15 - 19,90
2019-01-01,Harrow,20 - 24,75
2019-01-01,Harrow,25 - 29,47
2019-01-01,Havering,15 - 19,51
2019-01-01,Havering,20 - 24,25
2019-01-01,Havering,25 - 29,14
2019-01-01,Hillingdon,15 - 19,164
2019-01-01,Hillingdon,20 - 24,144
2019-01-01,Hillingdon,25 - 29,72
2019-01-01,Hounslow,15 - 19,205
2019-01-01,Hounslow,20 - 24,170
2019-01-01,Hounslow,25 - 29,92
2019-01-01,Islington,15 - 19,147
2019-01-01,Islington,20 - 24,113
2019-01-01,Islington,25 - 29,86
2019-01-01,Kensington & Chelsea,15 - 19,136
2019-01-01,Kensington & Chelsea,20 - 24,130
2019-01-01,Kensington & Chelsea,25 - 29,84
2019-01-01,Kingston upon Thames,15 - 19,47
2019-01-01,Kingston upon Thames,20 - 24,36
2019-01-01,Kingston upon Thames,25 - 29,18
2019-01-01,Lambeth,15 - 19,301
2019-01-01,Lambeth,20 - 24,269
2019-01-01,Lambeth,25 - 29,192
2019-01-01,Lewisham,15 - 19,138
2019-01-01,Lewisham,20 - 24,122
2019-01-01,Lewisham,25 - 29,66
2019-01-01,Merton,15 - 19,36
2019-01-01,Merton,20 - 24,54
2019-01-01,Merton,25 - 29,37
2019-01-01,Newham,15 - 19,310
2019-01-01,Newham,20 - 24,289
2019-01-01,Newham,25 - 29,161
2019-01-01,Redbridge,15 - 19,37
2019-01-01,Redbridge,20 - 24,75
2019-01-01,Redbridge,25 - 29,51
2019-01-01,Richmond upon Thames,15 - 19,42
2019-01-01,Richmond upon Thames,20 - 24,16
2019-01-01,Richmond upon Thames,25 - 29,17
2019-01-01,Southwark,15 - 19,332
2019-01-01,Southwark,20 - 24,254
2019-01-01,Southwark,25 - 29,141
2019-01-01,Sutton,15 - 19,87
2019-01-01,Sutton,20 - 24,51
2019-01-01,Sutton,25 - 29,28
2019-01-01,Tower Hamlets,15 - 19,272
2019-01-01,Tower Hamlets,20 - 24,354
2019-01-01,Tower Hamlets,25 - 29,185
2019-01-01,Waltham Forest,15 - 19,295
2019-01-01,Waltham Forest,20 - 24,189
2019-01-01,Waltham Forest,25 - 29,104
2019-01-01,Wandsworth,15 - 19,85
2019-01-01,Wandsworth,20 - 24,74
2019-01-01,Wandsworth,25 - 29,59
2019-01-01,Westminster,15 - 19,179
2019-01-01,Westminster,20 - 24,215
2019-01-01,Westminster,25 - 29,128
2019-02-01,Aviation Policing,15 - 19,2
2019-02-01,Aviation Policing,20 - 24,3
2019-02-01,Aviation Policing,25 - 29,3
2019-02-01,Barking & Dagenham,15 - 19,56
2019-02-01,Barking & Dagenham,20 - 24,77
2019-02-01,Barking & Dagenham,25 - 29,44
2019-02-01,Barnet,15 - 19,94
2019-02-01,Barnet,20 - 24,69
2019-02-01,Barnet,25 - 29,28
2019-02-01,Bexley,15 - 19,90
2019-02-01,Bexley,20 - 24,72
2019-02-01,Bexley,25 - 29,27
2019-02-01,Brent,15 - 19,171
2019-02-01,Brent,20 - 24,155
2019-02-01,Brent,25 - 29,74
2019-02-01,Bromley,15 - 19,244
2019-02-01,Bromley,20 - 24,121
2019-02-01,Bromley,25 - 29,67
2019-02-01,Camden,15 - 19,164
2019-02-01,Camden,20 - 24,172
2019-02-01,Camden,25 - 29,121
2019-02-01,Croydon,15 - 19,288
2019-02-01,Croydon,20 - 24,241
2019-02-01,Croydon,25 - 29,139
2019-02-01,Ealing,15 - 19,202
2019-02-01,Ealing,20 - 24,200
2019-02-01,Ealing,25 - 29,96
2019-02-01,Enfield,15 - 19,194
2019-02-01,Enfield,20 - 24,177
2019-02-01,Enfield,25 - 29,79
2019-02-01,Greenwich,15 - 19,139
2019-02-01,Greenwich,20 - 24,110
2019-02-01,Greenwich,25 - 29,72
2019-02-01,Hackney,15 - 19,156
2019-02-01,Hackney,20 - 24,188
2019-02-01,Hackney,25 - 29,114
2019-02-01,Hammersmith & Fulham,15 - 19,121
2019-02-01,Hammersmith & Fulham,20 - 24,72
2019-02-01,Hammersmith & Fulham,25 - 29,53
2019-02-01,Haringey,15 - 19,265
2019-02-01,Haringey,20 - 24,246
2019-02-01,Haringey,25 - 29,163
2019-02-01,Harrow,15 - 19,81
2019-02-01,Harrow,20 - 24,73
2019-02-01,Harrow,25 - 29,41
2019-02-01,Havering,15 - 19,94
2019-02-01,Havering,20 - 24,45
2019-02-01,Havering,25 - 29,25
2019-02-01,Hillingdon,15 - 19,195
2019-02-01,Hillingdon,20 - 24,160
2019-02-01,Hillingdon,25 - 29,75
2019-02-01,Hounslow,15 - 19,241
2019-02-01,Hounslow,20 - 24,192
2019-02-01,Hounslow,25 - 29,135
2019-02-01,Islington,15 - 19,201
2019-02-01,Islington,20 - 24,138
2019-02-01,Islington,25 - 29,89
2019-02-01,Kensington & Chelsea,15 - 19,115
2019-02-01,Kensington & Chelsea,20 - 24,123
2019-02-01,Kensington & Chelsea,25 - 29,76
2019-02-01,Kingston upon Thames,15 - 19,61
2019-02-01,Kingston upon Thames,20 - 24,33
2019-02-01,Kingston upon Thames,25 - 29,11
2019-02-01,Lambeth,15 - 19,385
2019-02-01,Lambeth,20 - 24,340
2019-02-01,Lambeth,25 - 29,214
2019-02-01,Lewisham,15 - 19,104
2019-02-01,Lewisham,20 - 24,94
2019-02-01,Lewisham,25 - 29,59
2019-02-01,Merton,15 - 19,48
2019-02-01,Merton,20 - 24,44
2019-02-01,Merton,25 - 29,25
2019-02-01,Newham,15 - 19,300
2019-02-01,Newham,20 - 24,321
2019-02-01,Newham,25 - 29,161
2019-02-01,Redbridge,15 - 19,98
2019-02-01,Redbridge,20 - 24,66
2019-02-01,Redbridge,25 - 29,57
2019-02-01,Richmond upon Thames,15 - 19,23
2019-02-01,Richmond upon Thames,20 - 24,4
2019-02-01,Richmond upon Thames,25 - 29,7
2019-02-01,Southwark,15 - 19,390
2019-02-01,Southwark,20 - 24,301
2019-02-01,Southwark,25 - 29,148
2019-02-01,Sutton,15 - 19,75
2019-02-01,Sutton,20 - 24,47
2019-02-01,Sutton,25 - 29,32
2019-02-01,Tower Hamlets,15 - 19,277
2019-02-01,Tower Hamlets,20 - 24,336
2019-02-01,Tower Hamlets,25 - 29,201
2019-02-01,Waltham Forest,15 - 19,169
2019-02-01,Waltham Forest,20 - 24,172
2019-02-01,Waltham Forest,25 - 29,89
2019-02-01,Wandsworth,15 - 19,59
2019-02-01,Wandsworth,20 - 24,90
2019-02-01,Wandsworth,25 - 29,30
2019-02-01,Westminster,15 - 19,168
2019-02-01,Westminster,20 - 24,252
2019-02-01,Westminster,25 - 29,153
2019-03-01,Aviation Policing,15 - 19,5
2019-03-01,Aviation Policing,20 - 24,5
2019-03-01,Aviation Policing,25 - 29,7
2019-03-01,Barking & Dagenham,15 - 19,216
2019-03-01,Barking & Dagenham,20 - 24,154
2019-03-01,Barking & Dagenham,25 - 29,84
2019-03-01,Barnet,15 - 19,195
2019-03-01,Barnet,20 - 24,110
2019-03-01,Barnet,25 - 29,69
2019-03-01,Bexley,15 - 19,102
2019-03-01,Bexley,20 - 24,84
2019-03-01,Bexley,25 - 29,57
2019-03-01,Brent,15 - 19,319
2019-03-01,Brent,20 - 24,223
2019-03-01,Brent,25 - 29,123
2019-03-01,Bromley,15 - 19,188
2019-03-01,Bromley,20 - 24,127
2019-03-01,Bromley,25 - 29,92
2019-03-01,Camden,15 - 19,197
2019-03-01,Camden,20 - 24,266
2019-03-01,Camden,25 - 29,164
2019-03-01,Croydon,15 - 19,407
2019-03-01,Croydon,20 - 24,262
2019-03-01,Croydon,25 - 29,185
2019-03-01,Ealing,15 - 19,444
2019-03-01,Ealing,20 - 24,298
2019-03-01,Ealing,25 - 29,171
2019-03-01,Enfield,15 - 19,196
2019-03-01,Enfield,20 - 24,211
2019-03-01,Enfield,25 - 29,75
2019-03-01,Greenwich,15 - 19,216
2019-03-01,Greenwich,20 - 24,166
2019-03-01,Greenwich,25 - 29,75
2019-03-01,Hackney,15 - 19,275
2019-03-01,Hackney,20 - 24,290
2019-03-01,Hackney,25 - 29,152
2019-03-01,Hammersmith & Fulham,15 - 19,208
2019-03-01,Hammersmith & Fulham,20 - 24,128
2019-03-01,Hammersmith & Fulham,25 - 29,65
2019-03-01,Haringey,15 - 19,364
2019-03-01,Haringey,20 - 24,244
2019-03-01,Haringey,25 - 29,184
2019-03-01,Harrow,15 - 19,98
2019-03-01,Harrow,20 - 24,80
2019-03-01,Harrow,25 - 29,36
2019-03-01,Havering,15 - 19,216
2019-03-01,Havering,20 - 24,95
2019-03-01,Havering,25 - 29,48
2019-03-01,Hillingdon,15 - 19,209
2019-03-01,Hillingdon,20 - 24,167
2019-03-01,Hillingdon,25 - 29,110
2019-03-01,Hounslow,15 - 19,285
2019-03-01,Hounslow,20 - 24,237
2019-03-01,Hounslow,25 - 29,123
2019-03-01,Islington,15 - 19,182
2019-03-01,Islington,20 - 24,184
2019-03-01,Islington,25 - 29,105
2019-03-01,Kensington & Chelsea,15 - 19,175
2019-03-01,Kensington & Chelsea,20 - 24,137
2019-03-01,Kensington & Chelsea,25 - 29,78
2019-03-01,Kingston upon Thames,15 - 19,119
2019-03-01,Kingston upon Thames,20 - 24,87
2019-03-01,Kingston upon Thames,25 - 29,50
2019-03-01,Lambeth,15 - 19,441
2019-03-01,Lambeth,20 - 24,411
2019-03-01,Lambeth,25 - 29,280
2019-03-01,Lewisham,15 - 19,176
2019-03-01,Lewisham,20 - 24,93
2019-03-01,Lewisham,25 - 29,64
2019-03-01,Merton,15 - 19,75
2019-03-01,Merton,20 - 24,41
2019-03-01,Merton,25 - 29,29
2019-03-01,Newham,15 - 19,463
2019-03-01,Newham,20 - 24,397
2019-03-01,Newham,25 - 29,207
2019-03-01,Redbridge,15 - 19,294
2019-03-01,Redbridge,20 - 24,185
2019-03-01,Redbridge,25 - 29,143
2019-03-01,Richmond upon Thames,15 - 19,39
2019-03-01,Richmond upon Thames,20 - 24,25
2019-03-01,Richmond upon Thames,25 - 29,19
2019-03-01,Southwark,15 - 19,439
2019-03-01,Southwark,20 - 24,342
2019-03-01,Southwark,25 - 29,198
2019-03-01,Sutton,15 - 19,106
2019-03-01,Sutton,20 - 24,67
2019-03-01,Sutton,25 - 29,44
2019-03-01,Tower Hamlets,15 - 19,501
2019-03-01,Tower Hamlets,20 - 24,565
2019-03-01,Tower Hamlets,25 - 29,266
2019-03-01,Waltham Forest,15 - 19,353
2019-03-01,Waltham Forest,20 - 24,272
2019-03-01,Waltham Forest,25 - 29,154
2019-03-01,Wandsworth,15 - 19,96
2019-03-01,Wandsworth,20 - 24,98
2019-03-01,Wandsworth,25 - 29,56
2019-03-01,Westminster,15 - 19,382
2019-03-01,Westminster,20 - 24,455
2019-03-01,Westminster,25 - 29,345
2019-04-01,Aviation Policing,15 - 19,3
2019-04-01,Aviation Policing,20 - 24,4
2019-04-01,Aviation Policing,25 - 29,7
2019-04-01,Barking & Dagenham,15 - 19,157
2019-04-01,Barking & Dagenham,20 - 24,116
2019-04-01,Barking & Dagenham,25 - 29,75
2019-04-01,Barnet,15 - 19,106
2019-04-01,Barnet,20 - 24,74
2019-04-01,Barnet,25 - 29,56
2019-04-01,Bexley,15 - 19,129
2019-04-01,Bexley,20 - 24,76
2019-04-01,Bexley,25 - 29,36
2019-04-01,Brent,15 - 19,285
2019-04-01,Brent,20 - 24,217
2019-04-01,Brent,25 - 29,120
2019-04-01,Bromley,15 - 19,223
2019-04-01,Bromley,20 - 24,112
2019-04-01,Bromley,25 - 29,59
2019-04-01,Camden,15 - 19,166
2019-04-01,Camden,20 - 24,228
2019-04-01,Camden,25 - 29,174
2019-04-01,Croydon,15 - 19,291
2019-04-01,Croydon,20 - 24,204
2019-04-01,Croydon,25 - 29,118
2019-04-01,Ealing,15 - 19,199
2019-04-01,Ealing,20 - 24,171
2019-04-01,Ealing,25 - 29,81
2019-04-01,Enfield,15 - 19,209
2019-04-01,Enfield,20 - 24,193
2019-04-01,Enfield,25 - 29,82
2019-04-01,Greenwich,15 - 19,133
2019-04-01,Greenwich,20 - 24,98
2019-04-01,Greenwich,25 - 29,60
2019-04-01,Hackney,15 - 19,260
2019-04-01,Hackney,20 - 24,219
2019-04-01,Hackney,25 - 29,143
2019-04-01,Hammersmith & Fulham,15 - 19,182
2019-04-01,Hammersmith & Fulham,20 - 24,124
2019-04-01,Hammersmith & Fulham,25 - 29,95
2019-04-01,Haringey,15 - 19,142
2019-04-01,Haringey,20 - 24,162
2019-04-01,Haringey,25 - 29,109
2019-04-01,Harrow,15 - 19,124
2019-04-01,Harrow,20 - 24,109
2019-04-01,Harrow,25 - 29,40
2019-04-01,Havering,15 - 19,105
2019-04-01,Havering,20 - 24,60
2019-04-01,Havering,25 - 29,31
2019-04-01,Hillingdon,15 - 19,149
2019-04-01,Hillingdon,20 - 24,144
2019-04-01,Hillingdon,25 - 29,80
2019-04-01,Hounslow,15 - 19,208
2019-04-01,Hounslow,20 - 24,194
2019-04-01,Hounslow,25 - 29,107
2019-04-01,Islington,15 - 19,182
2019-04-01,Islington,20 - 24,115
2019-04-01,Islington,25 - 29,89
2019-04-01,Kensington & Chelsea,15 - 19,147
2019-04-01,Kensington & Chelsea,20 - 24,120
2019-04-01,Kensington & Chelsea,25 - 29,73
2019-04-01,Kingston upon Thames,15 - 19,81
2019-04-01,Kingston upon Thames,20 - 24,49
2019-04-01,Kingston upon Thames,25 - 29,14
2019-04-01,Lambeth,15 - 19,315
2019-04-01,Lambeth,20 - 24,295
2019-04-01,Lambeth,25 - 29,212
2019-04-01,Lewisham,15 - 19,143
2019-04-01,Lewisham,20 - 24,113
2019-04-01,Lewisham,25 - 29,75
2019-04-01,Merton,15 - 19,64
2019-04-01,Merton,20 - 24,66
2019-04-01,Merton,25 - 29,27
2019-04-01,Newham,15 - 19,371
2019-04-01,Newham,20 - 24,282
2019-04-01,Newham,25 - 29,187
2019-04-01,Redbridge,15 - 19,145
2019-04-01,Redbridge,20 - 24,122
2019-04-01,Redbridge,25 - 29,71
2019-04-01,Richmond upon Thames,15 - 19,41
2019-04-01,Richmond upon Thames,20 - 24,13
2019-04-01,Richmond upon Thames,25 - 29,8
2019-04-01,Southwark,15 - 19,399
2019-04-01,Southwark,20 - 24,263
2019-04-01,Southwark,25 - 29,148
2019-04-01,Sutton,15 - 19,93
2019-04-01,Sutton,20 - 24,47
2019-04-01,Sutton,25 - 29,30
2019-04-01,Tower Hamlets,15 - 19,371
2019-04-01,Tower Hamlets,20 - 24,398
2019-04-01,Tower Hamlets,25 - 29,232
2019-04-01,Waltham Forest,15 - 19,437
2019-04-01,Waltham Forest,20 - 24,307
2019-04-01,Waltham Forest,25 - 29,189
2019-04-01,Wandsworth,15 - 19,92
2019-04-01,Wandsworth,20 - 24,87
2019-04-01,Wandsworth,25 - 29,54
2019-04-01,Westminster,15 - 19,259
2019-04-01,Westminster,20 - 24,294
2019-04-01,Westminster,25 - 29,193
2019-05-01,Aviation Policing,15 - 19,1
2019-05-01,Aviation Policing,20 - 24,1
2019-05-01,Aviation Policing,25 - 29,3
2019-05-01,Barking & Dagenham,15 - 19,138
2019-05-01,Barking & Dagenham,20 - 24,98
2019-05-01,Barking & Dagenham,25 - 29,52
2019-05-01,Barnet,15 - 19,146
2019-05-01,Barnet,20 - 24,65
2019-05-01,Barnet,25 - 29,49
2019-05-01,Bexley,15 - 19,111
2019-05-01,Bexley,20 - 24,88
2019-05-01,Bexley,25 - 29,43
2019-05-01,Brent,15 - 19,233
2019-05-01,Brent,20 - 24,167
2019-05-01,Brent,25 - 29,79
2019-05-01,Bromley,15 - 19,190
2019-05-01,Bromley,20 - 24,93
2019-05-01,Bromley,25 - 29,55
2019-05-01,Camden,15 - 19,152
2019-05-01,Camden,20 - 24,160
2019-05-01,Camden,25 - 29,127
2019-05-01,Croydon,15 - 19,324
2019-05-01,Croydon,20 - 24,232
2019-05-01,Croydon,25 - 29,132
2019-05-01,Ealing,15 - 19,314
2019-05-01,Ealing,20 - 24,205
2019-05-01,Ealing,25 - 29,120
2019-05-01,Enfield,15 - 19,166
2019-05-01,Enfield,20 - 24,144
2019-05-01,Enfield,25 - 29,72
2019-05-01,Greenwich,15 - 19,131
2019-05-01,Greenwich,20 - 24,112
2019-05-01,Greenwich,25 - 29,49
2019-05-01,Hackney,15 - 19,313
2019-05-01,Hackney,20 - 24,249
2019-05-01,Hackney,25 - 29,127
2019-05-01,Hammersmith & Fulham,15 - 19,204
2019-05-01,Hammersmith & Fulham,20 - 24,121
2019-05-01,Hammersmith & Fulham,25 - 29,77
2019-05-01,Haringey,15 - 19,181
2019-05-01,Haringey,20 - 24,183
2019-05-01,Haringey,25 - 29,122
2019-05-01,Harrow,15 - 19,104
2019-05-01,Harrow,20 - 24,99
2019-05-01,Harrow,25 - 29,46
2019-05-01,Havering,15 - 19,116
2019-05-01,Havering,20 - 24,71
2019-05-01,Havering,25 - 29,40
2019-05-01,Hillingdon,15 - 19,211
2019-05-01,Hillingdon,20 - 24,145
2019-05-01,Hillingdon,25 - 29,80
2019-05-01,Hounslow,15 - 19,223
2019-05-01,Hounslow,20 - 24,191
2019-05-01,Hounslow,25 - 29,109
2019-05-01,Islington,15 - 19,196
2019-05-01,Islington,20 - 24,129
2019-05-01,Islington,25 - 29,78
2019-05-01,Kensington & Chelsea,15 - 19,149
2019-05-01,Kensington & Chelsea,20 - 24,144
2019-05-01,Kensington & Chelsea,25 - 29,74
2019-05-01,Kingston upon Thames,15 - 19,70
2019-05-01,Kingston upon Thames,20 - 24,52
2019-05-01,Kingston upon Thames,25 - 29,27
2019-05-01,Lambeth,15 - 19,383
2019-05-01,Lambeth,20 - 24,283
2019-05-01,Lambeth,25 - 29,183
2019-05-01,Lewisham,15 - 19,170
2019-05-01,Lewisham,20 - 24,106
2019-05-01,Lewisham,25 - 29,69
2019-05-01,Merton,15 - 19,56
2019-05-01,Merton,20 - 24,54
2019-05-01,Merton,25 - 29,31
2019-05-01,Newham,15 - 19,449
2019-05-01,Newham,20 - 24,360
2019-05-01,Newham,25 - 29,221
2019-05-01,Redbridge,15 - 19,196
2019-05-01,Redbridge,20 - 24,151
2019-05-01,Redbridge,25 - 29,97
2019-05-01,Richmond upon Thames,15 - 19,37
2019-05-01,Richmond upon Thames,20 - 24,16
2019-05-01,Richmond upon Thames,25 - 29,6
2019-05-01,Southwark,15 - 19,411
2019-05-01,Southwark,20 - 24,294
2019-05-01,Southwark,25 - 29,120
2019-05-01,Sutton,15 - 19,78
2019-05-01,Sutton,20 - 24,75
2019-05-01,Sutton,25 - 29,30
2019-05-01,Tower Hamlets,15 - 19,394
2019-05-01,Tower Hamlets,20 - 24,355
2019-05-01,Tower Hamlets,25 - 29,187
2019-05-01,Waltham Forest,15 - 19,465
2019-05-01,Waltham Forest,20 - 24,271
2019-05-01,Waltham Forest,25 - 29,157
2019-05-01,Wandsworth,15 - 19,74
2019-05-01,Wandsworth,20 - 24,84
2019-05-01,Wandsworth,25 - 29,43
2019-05-01,Westminster,15 - 19,248
2019-05-01,Westminster,20 - 24,257
2019-05-01,Westminster,25 - 29,214
2019-06-01,Aviation Policing,15 - 19,5
2019-06-01,Aviation Policing,20 - 24,7
2019-06-01,Aviation Policing,25 - 29,9
2019-06-01,Barking & Dagenham,15 - 19,101
2019-06-01,Barking & Dagenham,20 - 24,94
2019-06-01,Barking & Dagenham,25 - 29,46
2019-06-01,Barnet,15 - 19,130
2019-06-01,Barnet,20 - 24,78
2019-06-01,Barnet,25 - 29,47
2019-06-01,Bexley,15 - 19,165
2019-06-01,Bexley,20 - 24,85
2019-06-01,Bexley,25 - 29,42
2019-06-01,Brent,15 - 19,256
2019-06-01,Brent,20 - 24,265
2019-06-01,Brent,25 - 29,119
2019-06-01,Bromley,15 - 19,246
2019-06-01,Bromley,20 - 24,129
2019-06-01,Bromley,25 - 29,64
2019-06-01,Camden,15 - 19,149
2019-06-01,Camden,20 - 24,166
2019-06-01,Camden,25 - 29,134
2019-06-01,Croydon,15 - 19,423
2019-06-01,Croydon,20 - 24,280
2019-06-01,Croydon,25 - 29,139
2019-06-01,Ealing,15 - 19,235
2019-06-01,Ealing,20 - 24,213
2019-06-01,Ealing,25 - 29,106
2019-06-01,Enfield,15 - 19,172
2019-06-01,Enfield,20 - 24,119
2019-06-01,Enfield,25 - 29,47
2019-06-01,Greenwich,15 - 19,236
2019-06-01,Greenwich,20 - 24,131
2019-06-01,Greenwich,25 - 29,63
2019-06-01,Hackney,15 - 19,306
2019-06-01,Hackney,20 - 24,217
2019-06-01,Hackney,25 - 29,120
2019-06-01,Hammersmith & Fulham,15 - 19,192
2019-06-01,Hammersmith & Fulham,20 - 24,108
2019-06-01,Hammersmith & Fulham,25 - 29,63
2019-06-01,Haringey,15 - 19,243
2019-06-01,Haringey,20 - 24,259
2019-06-01,Haringey,25 - 29,140
2019-06-01,Harrow,15 - 19,87
2019-06-01,Harrow,20 - 24,82
2019-06-01,Harrow,25 - 29,44
2019-06-01,Havering,15 - 19,103
2019-06-01,Havering,20 - 24,45
2019-06-01,Havering,25 - 29,28
2019-06-01,Hillingdon,15 - 19,179
2019-06-01,Hillingdon,20 - 24,171
2019-06-01,Hillingdon,25 - 29,92
2019-06-01,Hounslow,15 - 19,209
2019-06-01,Hounslow,20 - 24,220
2019-06-01,Hounslow,25 - 29,157
2019-06-01,Islington,15 - 19,179
2019-06-01,Islington,20 - 24,114
2019-06-01,Islington,25 - 29,50
2019-06-01,Kensington & Chelsea,15 - 19,90
2019-06-01,Kensington & Chelsea,20 - 24,96
2019-06-01,Kensington & Chelsea,25 - 29,68
2019-06-01,Kingston upon Thames,15 - 19,76
2019-06-01,Kingston upon Thames,20 - 24,41
2019-06-01,Kingston upon Thames,25 - 29,28
2019-06-01,Lambeth,15 - 19,398
2019-06-01,Lambeth,20 - 24,348
2019-06-01,Lambeth,25 - 29,243
2019-06-01,Lewisham,15 - 19,195
2019-06-01,Lewisham,20 - 24,135
2019-06-01,Lewisham,25 - 29,80
2019-06-01,Merton,15 - 19,43
2019-06-01,Merton,20 - 24,46
2019-06-01,Merton,25 - 29,31
2019-06-01,Newham,15 - 19,595
2019-06-01,Newham,20 - 24,527
2019-06-01,Newham,25 - 29,298
2019-06-01,Redbridge,15 - 19,118
2019-06-01,Redbridge,20 - 24,168
2019-06-01,Redbridge,25 - 29,101
2019-06-01,Richmond upon Thames,15 - 19,48
2019-06-01,Richmond upon Thames,20 - 24,21
2019-06-01,Richmond upon Thames,25 - 29,18
2019-06-01,Southwark,15 - 19,414
2019-06-01,Southwark,20 - 24,294
2019-06-01,Southwark,25 - 29,175
2019-06-01,Sutton,15 - 19,87
2019-06-01,Sutton,20 - 24,61
2019-06-01,Sutton,25 - 29,36
2019-06-01,Tower Hamlets,15 - 19,402
2019-06-01,Tower Hamlets,20 - 24,358
2019-06-01,Tower Hamlets,25 - 29,209
2019-06-01,Waltham Forest,15 - 19,529
2019-06-01,Waltham Forest,20 - 24,344
2019-06-01,Waltham Forest,25 - 29,153
2019-06-01,Wandsworth,15 - 19,109
2019-06-01,Wandsworth,20 - 24,57
2019-06-01,Wandsworth,25 - 29,52
2019-06-01,Westminster,15 - 19,366
2019-06-01,Westminster,20 - 24,339
2019-06-01,Westminster,25 - 29,221
2019-07-01,Aviation Policing,15 - 19,5
2019-07-01,Aviation Policing,20 - 24,5
2019-07-01,Aviation Policing,25 - 29,6
2019-07-01,Barking & Dagenham,15 - 19,92
2019-07-01,Barking & Dagenham,20 - 24,98
2019-07-01,Barking & Dagenham,25 - 29,55
2019-07-01,Barnet,15 - 19,129
2019-07-01,Barnet,20 - 24,86
2019-07-01,Barnet,25 - 29,49
2019-07-01,Bexley,15 - 19,138
2019-07-01,Bexley,20 - 24,75
2019-07-01,Bexley,25 - 29,49
2019-07-01,Brent,15 - 19,309
2019-07-01,Brent,20 - 24,370
2019-07-01,Brent,25 - 29,177
2019-07-01,Bromley,15 - 19,183
2019-07-01,Bromley,20 - 24,124
2019-07-01,Bromley,25 - 29,63
2019-07-01,Camden,15 - 19,204
2019-07-01,Camden,20 - 24,193
2019-07-01,Camden,25 - 29,114
2019-07-01,Croydon,15 - 19,406
2019-07-01,Croydon,20 - 24,245
2019-07-01,Croydon,25 - 29,130
2019-07-01,Ealing,15 - 19,299
2019-07-01,Ealing,20 - 24,252
2019-07-01,Ealing,25 - 29,147
2019-07-01,Enfield,15 - 19,122
2019-07-01,Enfield,20 - 24,127
2019-07-01,Enfield,25 - 29,52
2019-07-01,Greenwich,15 - 19,304
2019-07-01,Greenwich,20 - 24,156
2019-07-01,Greenwich,25 - 29,78
2019-07-01,Hackney,15 - 19,336
2019-07-01,Hackney,20 - 24,278
2019-07-01,Hackney,25 - 29,143
2019-07-01,Hammersmith & Fulham,15 - 19,168
2019-07-01,Hammersmith & Fulham,20 - 24,101
2019-07-01,Hammersmith & Fulham,25 - 29,52
2019-07-01,Haringey,15 - 19,255
2019-07-01,Haringey,20 - 24,316
2019-07-01,Haringey,25 - 29,144
2019-07-01,Harrow,15 - 19,112
2019-07-01,Harrow,20 - 24,103
2019-07-01,Harrow,25 - 29,48
2019-07-01,Havering,15 - 19,77
2019-07-01,Havering,20 - 24,54
2019-07-01,Havering,25 - 29,24
2019-07-01,Hillingdon,15 - 19,217
2019-07-01,Hillingdon,20 - 24,149
2019-07-01,Hillingdon,25 - 29,98
2019-07-01,Hounslow,15 - 19,214
2019-07-01,Hounslow,20 - 24,197
2019-07-01,Hounslow,25 - 29,131
2019-07-01,Islington,15 - 19,231
2019-07-01,Islington,20 - 24,171
2019-07-01,Islington,25 - 29,83
2019-07-01,Kensington & Chelsea,15 - 19,123
2019-07-01,Kensington & Chelsea,20 - 24,139
2019-07-01,Kensington & Chelsea,25 - 29,58
2019-07-01,Kingston upon Thames,15 - 19,113
2019-07-01,Kingston upon Thames,20 - 24,67
2019-07-01,Kingston upon Thames,25 - 29,42
2019-07-01,Lambeth,15 - 19,466
2019-07-01,Lambeth,20 - 24,322
2019-07-01,Lambeth,25 - 29,211
2019-07-01,Lewisham,15 - 19,166
2019-07-01,Lewisham,20 - 24,128
2019-07-01,Lewisham,25 - 29,81
2019-07-01,Merton,15 - 19,106
2019-07-01,Merton,20 - 24,85
2019-07-01,Merton,25 - 29,37
2019-07-01,Newham,15 - 19,435
2019-07-01,Newham,20 - 24,504
2019-07-01,Newham,25 - 29,321
2019-07-01,Redbridge,15 - 19,148
2019-07-01,Redbridge,20 - 24,192
2019-07-01,Redbridge,25 - 29,104
2019-07-01,Richmond upon Thames,15 - 19,54
2019-07-01,Richmond upon Thames,20 - 24,23
2019-07-01,Richmond upon Thames,25 - 29,13
2019-07-01,Southwark,15 - 19,588
2019-07-01,Southwark,20 - 24,430
2019-07-01,Southwark,25 - 29,240
2019-07-01,Sutton,15 - 19,91
2019-07-01,Sutton,20 - 24,81
2019-07-01,Sutton,25 - 29,29
2019-07-01,Tower Hamlets,15 - 19,470
2019-07-01,Tower Hamlets,20 - 24,485
2019-07-01,Tower Hamlets,25 - 29,252
2019-07-01,Waltham Forest,15 - 19,380
2019-07-01,Waltham Forest,20 - 24,305
2019-07-01,Waltham Forest,25 - 29,182
2019-07-01,Wandsworth,15 - 19,124
2019-07-01,Wandsworth,20 - 24,111
2019-07-01,Wandsworth,25 - 29,83
2019-07-01,Westminster,15 - 19,393
2019-07-01,Westminster,20 - 24,390
2019-07-01,Westminster,25 - 29,214
2019-08-01,Aviation Policing,20 - 24,4
2019-08-01,Aviation Policing,25 - 29,4
2019-08-01,Barking & Dagenham,15 - 19,94
2019-08-01,Barking & Dagenham,20 - 24,57
2019-08-01,Barking & Dagenham,25 - 29,45
2019-08-01,Barnet,15 - 19,97
2019-08-01,Barnet,20 - 24,108
2019-08-01,Barnet,25 - 29,52
2019-08-01,Bexley,15 - 19,105
2019-08-01,Bexley,20 - 24,84
2019-08-01,Bexley,25 - 29,35
2019-08-01,Brent,15 - 19,239
2019-08-01,Brent,20 - 24,262
2019-08-01,Brent,25 - 29,155
2019-08-01,Bromley,15 - 19,208
2019-08-01,Bromley,20 - 24,160
2019-08-01,Bromley,25 - 29,62
2019-08-01,Camden,15 - 19,225
2019-08-01,Camden,20 - 24,229
2019-08-01,Camden,25 - 29,155
2019-08-01,Croydon,15 - 19,348
2019-08-01,Croydon,20 - 24,305
2019-08-01,Croydon,25 - 29,164
2019-08-01,Ealing,15 - 19,174
2019-08-01,Ealing,20 - 24,159
2019-08-01,Ealing,25 - 29,64
2019-08-01,Enfield,15 - 19,128
2019-08-01,Enfield,20 - 24,114
2019-08-01,Enfield,25 - 29,41
2019-08-01,Greenwich,15 - 19,205
2019-08-01,Greenwich,20 - 24,134
2019-08-01,Greenwich,25 - 29,85
2019-08-01,Hackney,15 - 19,283
2019-08-01,Hackney,20 - 24,216
2019-08-01,Hackney,25 - 29,139
2019-08-01,Hammersmith & Fulham,15 - 19,204
2019-08-01,Hammersmith & Fulham,20 - 24,159
2019-08-01,Hammersmith & Fulham,25 - 29,101
2019-08-01,Haringey,15 - 19,163
2019-08-01,Haringey,20 - 24,158
2019-08-01,Haringey,25 - 29,102
2019-08-01,Harrow,15 - 19,99
2019-08-01,Harrow,20 - 24,88
2019-08-01,Harrow,25 - 29,28
2019-08-01,Havering,15 - 19,151
2019-08-01,Havering,20 - 24,70
2019-08-01,Havering,25 - 29,29
2019-08-01,Hillingdon,15 - 19,200
2019-08-01,Hillingdon,20 - 24,156
2019-08-01,Hillingdon,25 - 29,79
2019-08-01,Hounslow,15 - 19,188
2019-08-01,Hounslow,20 - 24,212
2019-08-01,Hounslow,25 - 29,124
2019-08-01,Islington,15 - 19,207
2019-08-01,Islington,20 - 24,168
2019-08-01,Islington,25 - 29,91
2019-08-01,Kensington & Chelsea,15 - 19,1348
2019-08-01,Kensington & Chelsea,20 - 24,922
2019-08-01,Kensington & Chelsea,25 - 29,385
2019-08-01,Kingston upon Thames,15 - 19,110
2019-08-01,Kingston upon Thames,20 - 24,46
2019-08-01,Kingston upon Thames,25 - 29,37
2019-08-01,Lambeth,15 - 19,323
2019-08-01,Lambeth,20 - 24,280
2019-08-01,Lambeth,25 - 29,175
2019-08-01,Lewisham,15 - 19,300
2019-08-01,Lewisham,20 - 24,192
2019-08-01,Lewisham,25 - 29,104
2019-08-01,Merton,15 - 19,140
2019-08-01,Merton,20 - 24,147
2019-08-01,Merton,25 - 29,66
2019-08-01,Newham,15 - 19,351
2019-08-01,Newham,20 - 24,381
2019-08-01,Newham,25 - 29,287
2019-08-01,Redbridge,15 - 19,178
2019-08-01,Redbridge,20 - 24,144
2019-08-01,Redbridge,25 - 29,83
2019-08-01,Richmond upon Thames,15 - 19,59
2019-08-01,Richmond upon Thames,20 - 24,46
2019-08-01,Richmond upon Thames,25 - 29,23
2019-08-01,Southwark,15 - 19,489
2019-08-01,Southwark,20 - 24,377
2019-08-01,Southwark,25 - 29,223
2019-08-01,Sutton,15 - 19,77
2019-08-01,Sutton,20 - 24,30
2019-08-01,Sutton,25 - 29,34
2019-08-01,Tower Hamlets,15 - 19,352
2019-08-01,Tower Hamlets,20 - 24,439
2019-08-01,Tower Hamlets,25 - 29,246
2019-08-01,Waltham Forest,15 - 19,348
2019-08-01,Waltham Forest,20 - 24,241
2019-08-01,Waltham Forest,25 - 29,108
2019-08-01,Wandsworth,15 - 19,86
2019-08-01,Wandsworth,20 - 24,100
2019-08-01,Wandsworth,25 - 29,71
2019-08-01,Westminster,15 - 19,585
2019-08-01,Westminster,20 - 24,657
2019-08-01,Westminster,25 - 29,380
2019-09-01,Aviation Policing,15 - 19,4
2019-09-01,Aviation Policing,20 - 24,6
2019-09-01,Aviation Policing,25 - 29,3
2019-09-01,Barking & Dagenham,15 - 19,122
2019-09-01,Barking & Dagenham,20 - 24,76
2019-09-01,Barking & Dagenham,25 - 29,61
2019-09-01,Barnet,15 - 19,82
2019-09-01,Barnet,20 - 24,84
2019-09-01,Barnet,25 - 29,51
2019-09-01,Bexley,15 - 19,130
2019-09-01,Bexley,20 - 24,56
2019-09-01,Bexley,25 - 29,47
2019-09-01,Brent,15 - 19,207
2019-09-01,Brent,20 - 24,214
2019-09-01,Brent,25 - 29,133
2019-09-01,Bromley,15 - 19,207
2019-09-01,Bromley,20 - 24,126
2019-09-01,Bromley,25 - 29,54
2019-09-01,Camden,15 - 19,293
2019-09-01,Camden,20 - 24,290
2019-09-01,Camden,25 - 29,160
2019-09-01,Croydon,15 - 19,341
2019-09-01,Croydon,20 - 24,256
2019-09-01,Croydon,25 - 29,154
2019-09-01,Ealing,15 - 19,193
2019-09-01,Ealing,20 - 24,223
2019-09-01,Ealing,25 - 29,114
2019-09-01,Enfield,15 - 19,105
2019-09-01,Enfield,20 - 24,86
2019-09-01,Enfield,25 - 29,37
2019-09-01,Greenwich,15 - 19,247
2019-09-01,Greenwich,20 - 24,152
2019-09-01,Greenwich,25 - 29,80
2019-09-01,Hackney,15 - 19,297
2019-09-01,Hackney,20 - 24,275
2019-09-01,Hackney,25 - 29,142
2019-09-01,Hammersmith & Fulham,15 - 19,73
2019-09-01,Hammersmith & Fulham,20 - 24,89
2019-09-01,Hammersmith & Fulham,25 - 29,40
2019-09-01,Haringey,15 - 19,235
2019-09-01,Haringey,20 - 24,186
2019-09-01,Haringey,25 - 29,102
2019-09-01,Harrow,15 - 19,103
2019-09-01,Harrow,20 - 24,125
2019-09-01,Harrow,25 - 29,69
2019-09-01,Havering,15 - 19,112
2019-09-01,Havering,20 - 24,90
2019-09-01,Havering,25 - 29,29
2019-09-01,Hillingdon,15 - 19,160
2019-09-01,Hillingdon,20 - 24,183
2019-09-01,Hillingdon,25 - 29,99
2019-09-01,Hounslow,15 - 19,186
2019-09-01,Hounslow,20 - 24,203
2019-09-01,Hounslow,25 - 29,114
2019-09-01,Islington,15 - 19,169
2019-09-01,Islington,20 - 24,139
2019-09-01,Islington,25 - 29,74
2019-09-01,Kensington & Chelsea,15 - 19,91
2019-09-01,Kensington & Chelsea,20 - 24,97
2019-09-01,Kensington & Chelsea,25 - 29,63
2019-09-01,Kingston upon Thames,15 - 19,94
2019-09-01,Kingston upon Thames,20 - 24,73
2019-09-01,Kingston upon Thames,25 - 29,43
2019-09-01,Lambeth,15 - 19,267
2019-09-01,Lambeth,20 - 24,218
2019-09-01,Lambeth,25 - 29,168
2019-09-01,Lewisham,15 - 19,174
2019-09-01,Lewisham,20 - 24,141
2019-09-01,Lewisham,25 - 29,80
2019-09-01,Merton,15 - 19,95
2019-09-01,Merton,20 - 24,79
2019-09-01,Merton,25 - 29,44
2019-09-01,Newham,15 - 19,389
2019-09-01,Newham,20 - 24,460
2019-09-01,Newham,25 - 29,264
2019-09-01,Redbridge,15 - 19,185
2019-09-01,Redbridge,20 - 24,155
2019-09-01,Redbridge,25 - 29,91
2019-09-01,Richmond upon Thames,15 - 19,55
2019-09-01,Richmond upon Thames,20 - 24,34
2019-09-01,Richmond upon Thames,25 - 29,22
2019-09-01,Southwark,15 - 19,315
2019-09-01,Southwark,20 - 24,232
2019-09-01,Southwark,25 - 29,142
2019-09-01,Sutton,15 - 19,70
2019-09-01,Sutton,20 - 24,36
2019-09-01,Sutton,25 - 29,24
2019-09-01,Tower Hamlets,15 - 19,341
2019-09-01,Tower Hamlets,20 - 24,358
2019-09-01,Tower Hamlets,25 - 29,188
2019-09-01,Waltham Forest,15 - 19,307
2019-09-01,Waltham Forest,20 - 24,238
2019-09-01,Waltham Forest,25 - 29,152
2019-09-01,Wandsworth,15 - 19,101
2019-09-01,Wandsworth,20 - 24,71
2019-09-01,Wandsworth,25 - 29,46
2019-09-01,Westminster,15 - 19,502
2019-09-01,Westminster,20 - 24,544
2019-09-01,Westminster,25 - 29,299
2019-10-01,Aviation Policing,15 - 19,1
2019-10-01,Aviation Policing,20 - 24,6
2019-10-01,Aviation Policing,25 - 29,5
2019-10-01,Barking & Dagenham,15 - 19,148
2019-10-01,Barking & Dagenham,20 - 24,81
2019-10-01,Barking & Dagenham,25 - 29,58
2019-10-01,Barnet,15 - 19,136
2019-10-01,Barnet,20 - 24,91
2019-10-01,Barnet,25 - 29,35
2019-10-01,Bexley,15 - 19,199
2019-10-01,Bexley,20 - 24,93
2019-10-01,Bexley,25 - 29,53
2019-10-01,Brent,15 - 19,224
2019-10-01,Brent,20 - 24,180
2019-10-01,Brent,25 - 29,86
2019-10-01,Bromley,15 - 19,186
2019-10-01,Bromley,20 - 24,78
2019-10-01,Bromley,25 - 29,48
2019-10-01,Camden,15 - 19,309
2019-10-01,Camden,20 - 24,216
2019-10-01,Camden,25 - 29,139
2019-10-01,Croydon,15 - 19,355
2019-10-01,Croydon,20 - 24,225
2019-10-01,Croydon,25 - 29,152
2019-10-01,Ealing,15 - 19,196
2019-10-01,Ealing,20 - 24,146
2019-10-01,Ealing,25 - 29,92
2019-10-01,Enfield,15 - 19,170
2019-10-01,Enfield,20 - 24,118
2019-10-01,Enfield,25 - 29,47
2019-10-01,Greenwich,15 - 19,233
2019-10-01,Greenwich,20 - 24,161
2019-10-01,Greenwich,25 - 29,88
2019-10-01,Hackney,15 - 19,181
2019-10-01,Hackney,20 - 24,182
2019-10-01,Hackney,25 - 29,99
2019-10-01,Hammersmith & Fulham,15 - 19,173
2019-10-01,Hammersmith & Fulham,20 - 24,118
2019-10-01,Hammersmith & Fulham,25 - 29,54
2019-10-01,Haringey,15 - 19,207
2019-10-01,Haringey,20 - 24,179
2019-10-01,Haringey,25 - 29,89
2019-10-01,Harrow,15 - 19,110
2019-10-01,Harrow,20 - 24,88
2019-10-01,Harrow,25 - 29,46
2019-10-01,Havering,15 - 19,150
2019-10-01,Havering,20 - 24,83
2019-10-01,Havering,25 - 29,57
2019-10-01,Hillingdon,15 - 19,192
2019-10-01,Hillingdon,20 - 24,179
2019-10-01,Hillingdon,25 - 29,80
2019-10-01,Hounslow,15 - 19,212
2019-10-01,Hounslow,20 - 24,187
2019-10-01,Hounslow,25 - 29,121
2019-10-01,Islington,15 - 19,213
2019-10-01,Islington,20 - 24,187
2019-10-01,Islington,25 - 29,106
2019-10-01,Kensington & Chelsea,15 - 19,117
2019-10-01,Kensington & Chelsea,20 - 24,112
2019-10-01,Kensington & Chelsea,25 - 29,74
2019-10-01,Kingston upon Thames,15 - 19,114
2019-10-01,Kingston upon Thames,20 - 24,63
2019-10-01,Kingston upon Thames,25 - 29,26
2019-10-01,Lambeth,15 - 19,274
2019-10-01,Lambeth,20 - 24,214
2019-10-01,Lambeth,25 - 29,128
2019-10-01,Lewisham,15 - 19,249
2019-10-01,Lewisham,20 - 24,177
2019-10-01,Lewisham,25 - 29,90
2019-10-01,Merton,15 - 19,78
2019-10-01,Merton,20 - 24,81
2019-10-01,Merton,25 - 29,44
2019-10-01,Newham,15 - 19,301
2019-10-01,Newham,20 - 24,382
2019-10-01,Newham,25 - 29,225
2019-10-01,Redbridge,15 - 19,189
2019-10-01,Redbridge,20 - 24,171
2019-10-01,Redbridge,25 - 29,73
2019-10-01,Richmond upon Thames,15 - 19,73
2019-10-01,Richmond upon Thames,20 - 24,37
2019-10-01,Richmond upon Thames,25 - 29,10
2019-10-01,Southwark,15 - 19,654
2019-10-01,Southwark,20 - 24,335
2019-10-01,Southwark,25 - 29,174
2019-10-01,Sutton,15 - 19,113
2019-10-01,Sutton,20 - 24,49
2019-10-01,Sutton,25 - 29,34
2019-10-01,Tower Hamlets,15 - 19,342
2019-10-01,Tower Hamlets,20 - 24,357
2019-10-01,Tower Hamlets,25 - 29,172
2019-10-01,Waltham Forest,15 - 19,268
2019-10-01,Waltham Forest,20 - 24,175
2019-10-01,Waltham Forest,25 - 29,100
2019-10-01,Wandsworth,15 - 19,152
2019-10-01,Wandsworth,20 - 24,86
2019-10-01,Wandsworth,25 - 29,50
2019-10-01,Westminster,15 - 19,642
2019-10-01,Westminster,20 - 24,529
2019-10-01,Westminster,25 - 29,348
2019-11-01,Aviation Policing,15 - 19,3
2019-11-01,Aviation Policing,20 - 24,5
2019-11-01,Aviation Policing,25 - 29,1
2019-11-01,Barking & Dagenham,15 - 19,172
2019-11-01,Barking & Dagenham,20 - 24,128
2019-11-01,Barking & Dagenham,25 - 29,89
2019-11-01,Barnet,15 - 19,124
2019-11-01,Barnet,20 - 24,75
2019-11-01,Barnet,25 - 29,45
2019-11-01,Bexley,15 - 19,92
2019-11-01,Bexley,20 - 24,85
2019-11-01,Bexley,25 - 29,47
2019-11-01,Brent,15 - 19,192
2019-11-01,Brent,20 - 24,155
2019-11-01,Brent,25 - 29,73
2019-11-01,Bromley,15 - 19,155
2019-11-01,Bromley,20 - 24,98
2019-11-01,Bromley,25 - 29,69
2019-11-01,Camden,15 - 19,321
2019-11-01,Camden,20 - 24,265
2019-11-01,Camden,25 - 29,150
2019-11-01,Croydon,15 - 19,356
2019-11-01,Croydon,20 - 24,232
2019-11-01,Croydon,25 - 29,141
2019-11-01,Ealing,15 - 19,149
2019-11-01,Ealing,20 - 24,156
2019-11-01,Ealing,25 - 29,71
2019-11-01,Enfield,15 - 19,119
2019-11-01,Enfield,20 - 24,96
2019-11-01,Enfield,25 - 29,58
2019-11-01,Greenwich,15 - 19,187
2019-11-01,Greenwich,20 - 24,142
2019-11-01,Greenwich,25 - 29,68
2019-11-01,Hackney,15 - 19,205
2019-11-01,Hackney,20 - 24,244
2019-11-01,Hackney,25 - 29,128
2019-11-01,Hammersmith & Fulham,15 - 19,181
2019-11-01,Hammersmith & Fulham,20 - 24,97
2019-11-01,Hammersmith & Fulham,25 - 29,58
2019-11-01,Haringey,15 - 19,189
2019-11-01,Haringey,20 - 24,174
2019-11-01,Haringey,25 - 29,73
2019-11-01,Harrow,15 - 19,74
2019-11-01,Harrow,20 - 24,82
2019-11-01,Harrow,25 - 29,30
2019-11-01,Havering,15 - 19,139
2019-11-01,Havering,20 - 24,60
2019-11-01,Havering,25 - 29,35
2019-11-01,Hillingdon,15 - 19,162
2019-11-01,Hillingdon,20 - 24,118
2019-11-01,Hillingdon,25 - 29,65
2019-11-01,Hounslow,15 - 19,150
2019-11-01,Hounslow,20 - 24,146
2019-11-01,Hounslow,25 - 29,103
2019-11-01,Islington,15 - 19,258
2019-11-01,Islington,20 - 24,171
2019-11-01,Islington,25 - 29,112
2019-11-01,Kensington & Chelsea,15 - 19,104
2019-11-01,Kensington & Chelsea,20 - 24,111
2019-11-01,Kensington & Chelsea,25 - 29,54
2019-11-01,Kingston upon Thames,15 - 19,84
2019-11-01,Kingston upon Thames,20 - 24,64
2019-11-01,Kingston upon Thames,25 - 29,37
2019-11-01,Lambeth,15 - 19,180
2019-11-01,Lambeth,20 - 24,198
2019-11-01,Lambeth,25 - 29,119
2019-11-01,Lewisham,15 - 19,228
2019-11-01,Lewisham,20 - 24,153
2019-11-01,Lewisham,25 - 29,81
2019-11-01,Merton,15 - 19,106
2019-11-01,Merton,20 - 24,108
2019-11-01,Merton,25 - 29,65
2019-11-01,Newham,15 - 19,233
2019-11-01,Newham,20 - 24,226
2019-11-01,Newham,25 - 29,153
2019-11-01,Redbridge,15 - 19,177
2019-11-01,Redbridge,20 - 24,176
2019-11-01,Redbridge,25 - 29,104
2019-11-01,Richmond upon Thames,15 - 19,50
2019-11-01,Richmond upon Thames,20 - 24,25
2019-11-01,Richmond upon Thames,25 - 29,17
2019-11-01,Southwark,15 - 19,754
2019-11-01,Southwark,20 - 24,393
2019-11-01,Southwark,25 - 29,186
2019-11-01,Sutton,15 - 19,110
2019-11-01,Sutton,20 - 24,53
2019-11-01,Sutton,25 - 29,42
2019-11-01,Tower Hamlets,15 - 19,384
2019-11-01,Tower Hamlets,20 - 24,461
2019-11-01,Tower Hamlets,25 - 29,233
2019-11-01,Waltham Forest,15 - 19,304
2019-11-01,Waltham Forest,20 - 24,202
2019-11-01,Waltham Forest,25 - 29,85
2019-11-01,Wandsworth,15 - 19,111
2019-11-01,Wandsworth,20 - 24,78
2019-11-01,Wandsworth,25 - 29,59
2019-11-01,Westminster,15 - 19,706
2019-11-01,Westminster,20 - 24,664
2019-11-01,Westminster,25 - 29,326
2019-12-01,Aviation Policing,15 - 19,5
2019-12-01,Aviation Policing,20 - 24,9
2019-12-01,Aviation Policing,25 - 29,9
2019-12-01,Barking & Dagenham,15 - 19,72
2019-12-01,Barking & Dagenham,20 - 24,92
2019-12-01,Barking & Dagenham,25 - 29,55
2019-12-01,Barnet,15 - 19,73
2019-12-01,Barnet,20 - 24,52
2019-12-01,Barnet,25 - 29,35
2019-12-01,Bexley,15 - 19,86
2019-12-01,Bexley,20 - 24,57
2019-12-01,Bexley,25 - 29,24
2019-12-01,Brent,15 - 19,123
2019-12-01,Brent,20 - 24,98
2019-12-01,Brent,25 - 29,55
2019-12-01,Bromley,15 - 19,258
2019-12-01,Bromley,20 - 24,96
2019-12-01,Bromley,25 - 29,79
2019-12-01,Camden,15 - 19,256
2019-12-01,Camden,20 - 24,254
2019-12-01,Camden,25 - 29,161
2019-12-01,Croydon,15 - 19,241
2019-12-01,Croydon,20 - 24,186
2019-12-01,Croydon,25 - 29,110
2019-12-01,Ealing,15 - 19,160
2019-12-01,Ealing,20 - 24,134
2019-12-01,Ealing,25 - 29,82
2019-12-01,Enfield,15 - 19,121
2019-12-01,Enfield,20 - 24,102
2019-12-01,Enfield,25 - 29,55
2019-12-01,Greenwich,15 - 19,194
2019-12-01,Greenwich,20 - 24,115
2019-12-01,Greenwich,25 - 29,86
2019-12-01,Hackney,15 - 19,221
2019-12-01,Hackney,20 - 24,216
2019-12-01,Hackney,25 - 29,143
2019-12-01,Hammersmith & Fulham,15 - 19,72
2019-12-01,Hammersmith & Fulham,20 - 24,60
2019-12-01,Hammersmith & Fulham,25 - 29,32
2019-12-01,Haringey,15 - 19,250
2019-12-01,Haringey,20 - 24,228
2019-12-01,Haringey,25 - 29,150
2019-12-01,Harrow,15 - 19,76
2019-12-01,Harrow,20 - 24,36
2019-12-01,Harrow,25 - 29,14
2019-12-01,Havering,15 - 19,98
2019-12-01,Havering,20 - 24,55
2019-12-01,Havering,25 - 29,38
2019-12-01,Hillingdon,15 - 19,79
2019-12-01,Hillingdon,20 - 24,90
2019-12-01,Hillingdon,25 - 29,40
2019-12-01,Hounslow,15 - 19,121
2019-12-01,Hounslow,20 - 24,125
2019-12-01,Hounslow,25 - 29,105
2019-12-01,Islington,15 - 19,185
2019-12-01,Islington,20 - 24,158
2019-12-01,Islington,25 - 29,102
2019-12-01,Kensington & Chelsea,15 - 19,83
2019-12-01,Kensington & Chelsea,20 - 24,92
2019-12-01,Kensington & Chelsea,25 - 29,43
2019-12-01,Kingston upon Thames,15 - 19,124
2019-12-01,Kingston upon Thames,20 - 24,58
2019-12-01,Kingston upon Thames,25 - 29,23
2019-12-01,Lambeth,15 - 19,283
2019-12-01,Lambeth,20 - 24,253
2019-12-01,Lambeth,25 - 29,154
2019-12-01,Lewisham,15 - 19,242
2019-12-01,Lewisham,20 - 24,166
2019-12-01,Lewisham,25 - 29,110
2019-12-01,Merton,15 - 19,71
2019-12-01,Merton,20 - 24,73
2019-12-01,Merton,25 - 29,46
2019-12-01,Newham,15 - 19,207
2019-12-01,Newham,20 - 24,195
2019-12-01,Newham,25 - 29,127
2019-12-01,Redbridge,15 - 19,141
2019-12-01,Redbridge,20 - 24,118
2019-12-01,Redbridge,25 - 29,86
2019-12-01,Richmond upon Thames,15 - 19,76
2019-12-01,Richmond upon Thames,20 - 24,31
2019-12-01,Richmond upon Thames,25 - 29,13
2019-12-01,Southwark,15 - 19,442
2019-12-01,Southwark,20 - 24,302
2019-12-01,Southwark,25 - 29,182
2019-12-01,Sutton,15 - 19,145
2019-12-01,Sutton,20 - 24,67
2019-12-01,Sutton,25 - 29,32
2019-12-01,Tower Hamlets,15 - 19,289
2019-12-01,Tower Hamlets,20 - 24,263
2019-12-01,Tower Hamlets,25 - 29,151
2019-12-01,Waltham Forest,15 - 19,265
2019-12-01,Waltham Forest,20 - 24,179
2019-12-01,Waltham Forest,25 - 29,105
2019-12-01,Wandsworth,15 - 19,99
2019-12-01,Wandsworth,20 - 24,100
2019-12-01,Wandsworth,25 - 29,85
2019-12-01,Westminster,15 - 19,568
2019-12-01,Westminster,20 - 24,593
2019-12-01,Westminster,25 - 29,362
2020-01-01,Aviation Policing,15 - 19,3
2020-01-01,Aviation Policing,20 - 24,7
2020-01-01,Aviation Policing,25 - 29,3
2020-01-01,Barking & Dagenham,15 - 19,236
2020-01-01,Barking & Dagenham,20 - 24,114
2020-01-01,Barking & Dagenham,25 - 29,82
2020-01-01,Barnet,15 - 19,119
2020-01-01,Barnet,20 - 24,95
2020-01-01,Barnet,25 - 29,49
2020-01-01,Bexley,15 - 19,138
2020-01-01,Bexley,20 - 24,64
2020-01-01,Bexley,25 - 29,39
2020-01-01,Brent,15 - 19,194
2020-01-01,Brent,20 - 24,176
2020-01-01,Brent,25 - 29,118
2020-01-01,Bromley,15 - 19,254
2020-01-01,Bromley,20 - 24,150
2020-01-01,Bromley,25 - 29,107
2020-01-01,Camden,15 - 19,425
2020-01-01,Camden,20 - 24,346
2020-01-01,Camden,25 - 29,209
2020-01-01,Croydon,15 - 19,473
2020-01-01,Croydon,20 - 24,422
2020-01-01,Croydon,25 - 29,234
2020-01-01,Ealing,15 - 19,171
2020-01-01,Ealing,20 - 24,189
2020-01-01,Ealing,25 - 29,117
2020-01-01,Enfield,15 - 19,242
2020-01-01,Enfield,20 - 24,165
2020-01-01,Enfield,25 - 29,85
2020-01-01,Greenwich,15 - 19,285
2020-01-01,Greenwich,20 - 24,190
2020-01-01,Greenwich,25 - 29,118
2020-01-01,Hackney,15 - 19,247
2020-01-01,Hackney,20 - 24,240
2020-01-01,Hackney,25 - 29,131
2020-01-01,Hammersmith & Fulham,15 - 19,117
2020-01-01,Hammersmith & Fulham,20 - 24,65
2020-01-01,Hammersmith & Fulham,25 - 29,55
2020-01-01,Haringey,15 - 19,349
2020-01-01,Haringey,20 - 24,348
2020-01-01,Haringey,25 - 29,212
2020-01-01,Harrow,15 - 19,133
2020-01-01,Harrow,20 - 24,100
2020-01-01,Harrow,25 - 29,55
2020-01-01,Havering,15 - 19,145
2020-01-01,Havering,20 - 24,103
2020-01-01,Havering,25 - 29,64
2020-01-01,Hillingdon,15 - 19,192
2020-01-01,Hillingdon,20 - 24,196
2020-01-01,Hillingdon,25 - 29,89
2020-01-01,Hounslow,15 - 19,172
2020-01-01,Hounslow,20 - 24,160
2020-01-01,Hounslow,25 - 29,90
2020-01-01,Islington,15 - 19,245
2020-01-01,Islington,20 - 24,217
2020-01-01,Islington,25 - 29,104
2020-01-01,Kensington & Chelsea,15 - 19,175
2020-01-01,Kensington & Chelsea,20 - 24,140
2020-01-01,Kensington & Chelsea,25 - 29,72
2020-01-01,Kingston upon Thames,15 - 19,216
2020-01-01,Kingston upon Thames,20 - 24,135
2020-01-01,Kingston upon Thames,25 - 29,62
2020-01-01,Lambeth,15 - 19,377
2020-01-01,Lambeth,20 - 24,352
2020-01-01,Lambeth,25 - 29,204
2020-01-01,Lewisham,15 - 19,285
2020-01-01,Lewisham,20 - 24,198
2020-01-01,Lewisham,25 - 29,108
2020-01-01,Merton,15 - 19,110
2020-01-01,Merton,20 - 24,100
2020-01-01,Merton,25 - 29,65
2020-01-01,Newham,15 - 19,365
2020-01-01,Newham,20 - 24,310
2020-01-01,Newham,25 - 29,231
2020-01-01,Redbridge,15 - 19,198
2020-01-01,Redbridge,20 - 24,167
2020-01-01,Redbridge,25 - 29,138
2020-01-01,Richmond upon Thames,15 - 19,51
2020-01-01,Richmond upon Thames,20 - 24,21
2020-01-01,Richmond upon Thames,25 - 29,13
2020-01-01,Southwark,15 - 19,462
2020-01-01,Southwark,20 - 24,290
2020-01-01,Southwark,25 - 29,159
2020-01-01,Sutton,15 - 19,127
2020-01-01,Sutton,20 - 24,73
2020-01-01,Sutton,25 - 29,53
2020-01-01,Tower Hamlets,15 - 19,329
2020-01-01,Tower Hamlets,20 - 24,368
2020-01-01,Tower Hamlets,25 - 29,206
2020-01-01,Waltham Forest,15 - 19,543
2020-01-01,Waltham Forest,20 - 24,325
2020-01-01,Waltham Forest,25 - 29,132
2020-01-01,Wandsworth,15 - 19,315
2020-01-01,Wandsworth,20 - 24,234
2020-01-01,Wandsworth,25 - 29,192
2020-01-01,Westminster,15 - 19,633
2020-01-01,Westminster,20 - 24,597
2020-01-01,Westminster,25 - 29,384
2020-02-01,Aviation Policing,20 - 24,2
2020-02-01,Aviation Policing,25 - 29,8
2020-02-01,Barking & Dagenham,15 - 19,189
2020-02-01,Barking & Dagenham,20 - 24,142
2020-02-01,Barking & Dagenham,25 - 29,83
2020-02-01,Barnet,15 - 19,148
2020-02-01,Barnet,20 - 24,107
2020-02-01,Barnet,25 - 29,33
2020-02-01,Bexley,15 - 19,93
2020-02-01,Bexley,20 - 24,71
2020-02-01,Bexley,25 - 29,45
2020-02-01,Brent,15 - 19,124
2020-02-01,Brent,20 - 24,130
2020-02-01,Brent,25 - 29,65
2020-02-01,Bromley,15 - 19,266
2020-02-01,Bromley,20 - 24,111
2020-02-01,Bromley,25 - 29,89
2020-02-01,Camden,15 - 19,331
2020-02-01,Camden,20 - 24,281
2020-02-01,Camden,25 - 29,201
2020-02-01,Croydon,15 - 19,410
2020-02-01,Croydon,20 - 24,332
2020-02-01,Croydon,25 - 29,197
2020-02-01,Ealing,15 - 19,150
2020-02-01,Ealing,20 - 24,197
2020-02-01,Ealing,25 - 29,115
2020-02-01,Enfield,15 - 19,137
2020-02-01,Enfield,20 - 24,145
2020-02-01,Enfield,25 - 29,83
2020-02-01,Greenwich,15 - 19,240
2020-02-01,Greenwich,20 - 24,167
2020-02-01,Greenwich,25 - 29,106
2020-02-01,Hackney,15 - 19,217
2020-02-01,Hackney,20 - 24,196
2020-02-01,Hackney,25 - 29,141
2020-02-01,Hammersmith & Fulham,15 - 19,124
2020-02-01,Hammersmith & Fulham,20 - 24,95
2020-02-01,Hammersmith & Fulham,25 - 29,56
2020-02-01,Haringey,15 - 19,328
2020-02-01,Haringey,20 - 24,243
2020-02-01,Haringey,25 - 29,164
2020-02-01,Harrow,15 - 19,81
2020-02-01,Harrow,20 - 24,84
2020-02-01,Harrow,25 - 29,39
2020-02-01,Havering,15 - 19,106
2020-02-01,Havering,20 - 24,71
2020-02-01,Havering,25 - 29,54
2020-02-01,Hillingdon,15 - 19,161
2020-02-01,Hillingdon,20 - 24,152
2020-02-01,Hillingdon,25 - 29,60
2020-02-01,Hounslow,15 - 19,119
2020-02-01,Hounslow,20 - 24,160
2020-02-01,Hounslow,25 - 29,97
2020-02-01,Islington,15 - 19,286
2020-02-01,Islington,20 - 24,190
2020-02-01,Islington,25 - 29,92
2020-02-01,Kensington & Chelsea,15 - 19,82
2020-02-01,Kensington & Chelsea,20 - 24,65
2020-02-01,Kensington & Chelsea,25 - 29,53
2020-02-01,Kingston upon Thames,15 - 19,158
2020-02-01,Kingston upon Thames,20 - 24,67
2020-02-01,Kingston upon Thames,25 - 29,47
2020-02-01,Lambeth,15 - 19,370
2020-02-01,Lambeth,20 - 24,295
2020-02-01,Lambeth,25 - 29,170
2020-02-01,Lewisham,15 - 19,270
2020-02-01,Lewisham,20 - 24,184
2020-02-01,Lewisham,25 - 29,105
2020-02-01,Merton,15 - 19,114
2020-02-01,Merton,20 - 24,93
2020-02-01,Merton,25 - 29,38
2020-02-01,Newham,15 - 19,334
2020-02-01,Newham,20 - 24,319
2020-02-01,Newham,25 - 29,192
2020-02-01,Redbridge,15 - 19,164
2020-02-01,Redbridge,20 - 24,166
2020-02-01,Redbridge,25 - 29,94
2020-02-01,Richmond upon Thames,15 - 19,72
2020-02-01,Richmond upon Thames,20 - 24,37
2020-02-01,Richmond upon Thames,25 - 29,14
2020-02-01,Southwark,15 - 19,396
2020-02-01,Southwark,20 - 24,315
2020-02-01,Southwark,25 - 29,139
2020-02-01,Sutton,15 - 19,88
2020-02-01,Sutton,20 - 24,56
2020-02-01,Sutton,25 - 29,36
2020-02-01,Tower Hamlets,15 - 19,309
2020-02-01,Tower Hamlets,20 - 24,373
2020-02-01,Tower Hamlets,25 - 29,202
2020-02-01,Waltham Forest,15 - 19,421
2020-02-01,Waltham Forest,20 - 24,303
2020-02-01,Waltham Forest,25 - 29,145
2020-02-01,Wandsworth,15 - 19,307
2020-02-01,Wandsworth,20 - 24,222
2020-02-01,Wandsworth,25 - 29,150
2020-02-01,Westminster,15 - 19,506
2020-02-01,Westminster,20 - 24,507
2020-02-01,Westminster,25 - 29,310
2020-03-01,Aviation Policing,15 - 19,4
2020-03-01,Aviation Policing,20 - 24,9
2020-03-01,Aviation Policing,25 - 29,7
2020-03-01,Barking & Dagenham,15 - 19,195
2020-03-01,Barking & Dagenham,20 - 24,126
2020-03-01,Barking & Dagenham,25 - 29,73
2020-03-01,Barnet,15 - 19,134
2020-03-01,Barnet,20 - 24,117
2020-03-01,Barnet,25 - 29,69
2020-03-01,Bexley,15 - 19,138
2020-03-01,Bexley,20 - 24,70
2020-03-01,Bexley,25 - 29,40
2020-03-01,Brent,15 - 19,263
2020-03-01,Brent,20 - 24,215
2020-03-01,Brent,25 - 29,142
2020-03-01,Bromley,15 - 19,259
2020-03-01,Bromley,20 - 24,130
2020-03-01,Bromley,25 - 29,79
2020-03-01,Camden,15 - 19,222
2020-03-01,Camden,20 - 24,249
2020-03-01,Camden,25 - 29,145
2020-03-01,Croydon,15 - 19,405
2020-03-01,Croydon,20 - 24,288
2020-03-01,Croydon,25 - 29,188
2020-03-01,Ealing,15 - 19,175
2020-03-01,Ealing,20 - 24,258
2020-03-01,Ealing,25 - 29,162
2020-03-01,Enfield,15 - 19,210
2020-03-01,Enfield,20 - 24,175
2020-03-01,Enfield,25 - 29,96
2020-03-01,Greenwich,15 - 19,206
2020-03-01,Greenwich,20 - 24,150
2020-03-01,Greenwich,25 - 29,89
2020-03-01,Hackney,15 - 19,305
2020-03-01,Hackney,20 - 24,195
2020-03-01,Hackney,25 - 29,107
2020-03-01,Hammersmith & Fulham,15 - 19,184
2020-03-01,Hammersmith & Fulham,20 - 24,130
2020-03-01,Hammersmith & Fulham,25 - 29,82
2020-03-01,Haringey,15 - 19,325
2020-03-01,Haringey,20 - 24,346
2020-03-01,Haringey,25 - 29,182
2020-03-01,Harrow,15 - 19,92
2020-03-01,Harrow,20 - 24,91
2020-03-01,Harrow,25 - 29,53
2020-03-01,Havering,15 - 19,127
2020-03-01,Havering,20 - 24,94
2020-03-01,Havering,25 - 29,66
2020-03-01,Hillingdon,15 - 19,215
2020-03-01,Hillingdon,20 - 24,191
2020-03-01,Hillingdon,25 - 29,87
2020-03-01,Hounslow,15 - 19,176
2020-03-01,Hounslow,20 - 24,205
2020-03-01,Hounslow,25 - 29,122
2020-03-01,Islington,15 - 19,208
2020-03-01,Islington,20 - 24,147
2020-03-01,Islington,25 - 29,84
2020-03-01,Kensington & Chelsea,15 - 19,84
2020-03-01,Kensington & Chelsea,20 - 24,88
2020-03-01,Kensington & Chelsea,25 - 29,66
2020-03-01,Kingston upon Thames,15 - 19,161
2020-03-01,Kingston upon Thames,20 - 24,87
2020-03-01,Kingston upon Thames,25 - 29,51
2020-03-01,Lambeth,15 - 19,348
2020-03-01,Lambeth,20 - 24,254
2020-03-01,Lambeth,25 - 29,140
2020-03-01,Lewisham,15 - 19,223
2020-03-01,Lewisham,20 - 24,177
2020-03-01,Lewisham,25 - 29,104
2020-03-01,Merton,15 - 19,122
2020-03-01,Merton,20 - 24,102
2020-03-01,Merton,25 - 29,53
2020-03-01,Newham,15 - 19,314
2020-03-01,Newham,20 - 24,262
2020-03-01,Newham,25 - 29,166
2020-03-01,Redbridge,15 - 19,169
2020-03-01,Redbridge,20 - 24,194
2020-03-01,Redbridge,25 - 29,112
2020-03-01,Richmond upon Thames,15 - 19,112
2020-03-01,Richmond upon Thames,20 - 24,49
2020-03-01,Richmond upon Thames,25 - 29,27
2020-03-01,Southwark,15 - 19,431
2020-03-01,Southwark,20 - 24,332
2020-03-01,Southwark,25 - 29,146
2020-03-01,Sutton,15 - 19,102
2020-03-01,Sutton,20 - 24,80
2020-03-01,Sutton,25 - 29,43
2020-03-01,Tower Hamlets,15 - 19,351
2020-03-01,Tower Hamlets,20 - 24,358
2020-03-01,Tower Hamlets,25 - 29,179
2020-03-01,Waltham Forest,15 - 19,386
2020-03-01,Waltham Forest,20 - 24,248
2020-03-01,Waltham Forest,25 - 29,139
2020-03-01,Wandsworth,15 - 19,227
2020-03-01,Wandsworth,20 - 24,186
2020-03-01,Wandsworth,25 - 29,90
2020-03-01,Westminster,15 - 19,322
2020-03-01,Westminster,20 - 24,373
2020-03-01,Westminster,25 - 29,258
2020-04-01,Aviation Policing,20 - 24,4
2020-04-01,Aviation Policing,25 - 29,2
2020-04-01,Barking & Dagenham,15 - 19,185
2020-04-01,Barking & Dagenham,20 - 24,178
2020-04-01,Barking & Dagenham,25 - 29,117
2020-04-01,Barnet,15 - 19,127
2020-04-01,Barnet,20 - 24,163
2020-04-01,Barnet,25 - 29,112
2020-04-01,Bexley,15 - 19,105
2020-04-01,Bexley,20 - 24,115
2020-04-01,Bexley,25 - 29,80
2020-04-01,Brent,15 - 19,213
2020-04-01,Brent,20 - 24,346
2020-04-01,Brent,25 - 29,202
2020-04-01,Bromley,15 - 19,169
2020-04-01,Bromley,20 - 24,191
2020-04-01,Bromley,25 - 29,124
2020-04-01,Camden,15 - 19,310
2020-04-01,Camden,20 - 24,372
2020-04-01,Camden,25 - 29,213
2020-04-01,Croydon,15 - 19,364
2020-04-01,Croydon,20 - 24,427
2020-04-01,Croydon,25 - 29,218
2020-04-01,Ealing,15 - 19,293
2020-04-01,Ealing,20 - 24,434
2020-04-01,Ealing,25 - 29,234
2020-04-01,Enfield,15 - 19,223
2020-04-01,Enfield,20 - 24,289
2020-04-01,Enfield,25 - 29,161
2020-04-01,Greenwich,15 - 19,303
2020-04-01,Greenwich,20 - 24,284
2020-04-01,Greenwich,25 - 29,204
2020-04-01,Hackney,15 - 19,207
2020-04-01,Hackney,20 - 24,210
2020-04-01,Hackney,25 - 29,113
2020-04-01,Hammersmith & Fulham,15 - 19,222
2020-04-01,Hammersmith & Fulham,20 - 24,300
2020-04-01,Hammersmith & Fulham,25 - 29,190
2020-04-01,Haringey,15 - 19,349
2020-04-01,Haringey,20 - 24,362
2020-04-01,Haringey,25 - 29,276
2020-04-01,Harrow,15 - 19,81
2020-04-01,Harrow,20 - 24,163
2020-04-01,Harrow,25 - 29,90
2020-04-01,Havering,15 - 19,129
2020-04-01,Havering,20 - 24,138
2020-04-01,Havering,25 - 29,67
2020-04-01,Hillingdon,15 - 19,181
2020-04-01,Hillingdon,20 - 24,259
2020-04-01,Hillingdon,25 - 29,147
2020-04-01,Hounslow,15 - 19,192
2020-04-01,Hounslow,20 - 24,314
2020-04-01,Hounslow,25 - 29,204
2020-04-01,Islington,15 - 19,249
2020-04-01,Islington,20 - 24,244
2020-04-01,Islington,25 - 29,147
2020-04-01,Kensington & Chelsea,15 - 19,155
2020-04-01,Kensington & Chelsea,20 - 24,202
2020-04-01,Kensington & Chelsea,25 - 29,150
2020-04-01,Kingston upon Thames,15 - 19,141
2020-04-01,Kingston upon Thames,20 - 24,147
2020-04-01,Kingston upon Thames,25 - 29,69
2020-04-01,Lambeth,15 - 19,459
2020-04-01,Lambeth,20 - 24,498
2020-04-01,Lambeth,25 - 29,276
2020-04-01,Lewisham,15 - 19,269
2020-04-01,Lewisham,20 - 24,295
2020-04-01,Lewisham,25 - 29,208
2020-04-01,Merton,15 - 19,95
2020-04-01,Merton,20 - 24,178
2020-04-01,Merton,25 - 29,105
2020-04-01,Newham,15 - 19,274
2020-04-01,Newham,20 - 24,389
2020-04-01,Newham,25 - 29,271
2020-04-01,Redbridge,15 - 19,167
2020-04-01,Redbridge,20 - 24,265
2020-04-01,Redbridge,25 - 29,149
2020-04-01,Richmond upon Thames,15 - 19,56
2020-04-01,Richmond upon Thames,20 - 24,50
2020-04-01,Richmond upon Thames,25 - 29,38
2020-04-01,Southwark,15 - 19,301
2020-04-01,Southwark,20 - 24,373
2020-04-01,Southwark,25 - 29,224
2020-04-01,Sutton,15 - 19,143
2020-04-01,Sutton,20 - 24,104
2020-04-01,Sutton,25 - 29,73
2020-04-01,Tower Hamlets,15 - 19,310
2020-04-01,Tower Hamlets,20 - 24,395
2020-04-01,Tower Hamlets,25 - 29,213
2020-04-01,Waltham Forest,15 - 19,235
2020-04-01,Waltham Forest,20 - 24,322
2020-04-01,Waltham Forest,25 - 29,187
2020-04-01,Wandsworth,15 - 19,156
2020-04-01,Wandsworth,20 - 24,218
2020-04-01,Wandsworth,25 - 29,123
2020-04-01,Westminster,15 - 19,237
2020-04-01,Westminster,20 - 24,396
2020-04-01,Westminster,25 - 29,288
2020-05-01,Aviation Policing,15 - 19,2
2020-05-01,Aviation Policing,20 - 24,2
2020-05-01,Aviation Policing,25 - 29,4
2020-05-01,Barking & Dagenham,15 - 19,308
2020-05-01,Barking & Dagenham,20 - 24,284
2020-05-01,Barking & Dagenham,25 - 29,166
2020-05-01,Barnet,15 - 19,197
2020-05-01,Barnet,20 - 24,199
2020-05-01,Barnet,25 - 29,118
2020-05-01,Bexley,15 - 19,216
2020-05-01,Bexley,20 - 24,148
2020-05-01,Bexley,25 - 29,97
2020-05-01,Brent,15 - 19,325
2020-05-01,Brent,20 - 24,533
2020-05-01,Brent,25 - 29,295
2020-05-01,Bromley,15 - 19,415
2020-05-01,Bromley,20 - 24,301
2020-05-01,Bromley,25 - 29,171
2020-05-01,Camden,15 - 19,416
2020-05-01,Camden,20 - 24,397
2020-05-01,Camden,25 - 29,297
2020-05-01,Croydon,15 - 19,566
2020-05-01,Croydon,20 - 24,493
2020-05-01,Croydon,25 - 29,291
2020-05-01,Ealing,15 - 19,307
2020-05-01,Ealing,20 - 24,512
2020-05-01,Ealing,25 - 29,256
2020-05-01,Enfield,15 - 19,328
2020-05-01,Enfield,20 - 24,400
2020-05-01,Enfield,25 - 29,165
2020-05-01,Greenwich,15 - 19,470
2020-05-01,Greenwich,20 - 24,465
2020-05-01,Greenwich,25 - 29,273
2020-05-01,Hackney,15 - 19,414
2020-05-01,Hackney,20 - 24,394
2020-05-01,Hackney,25 - 29,231
2020-05-01,Hammersmith & Fulham,15 - 19,285
2020-05-01,Hammersmith & Fulham,20 - 24,350
2020-05-01,Hammersmith & Fulham,25 - 29,200
2020-05-01,Haringey,15 - 19,469
2020-05-01,Haringey,20 - 24,547
2020-05-01,Haringey,25 - 29,320
2020-05-01,Harrow,15 - 19,100
2020-05-01,Harrow,20 - 24,168
2020-05-01,Harrow,25 - 29,101
2020-05-01,Havering,15 - 19,202
2020-05-01,Havering,20 - 24,197
2020-05-01,Havering,25 - 29,105
2020-05-01,Hillingdon,15 - 19,259
2020-05-01,Hillingdon,20 - 24,348
2020-05-01,Hillingdon,25 - 29,166
2020-05-01,Hounslow,15 - 19,290
2020-05-01,Hounslow,20 - 24,339
2020-05-01,Hounslow,25 - 29,225
2020-05-01,Islington,15 - 19,366
2020-05-01,Islington,20 - 24,347
2020-05-01,Islington,25 - 29,185
2020-05-01,Kensington & Chelsea,15 - 19,302
2020-05-01,Kensington & Chelsea,20 - 24,332
2020-05-01,Kensington & Chelsea,25 - 29,248
2020-05-01,Kingston upon Thames,15 - 19,240
2020-05-01,Kingston upon Thames,20 - 24,204
2020-05-01,Kingston upon Thames,25 - 29,113
2020-05-01,Lambeth,15 - 19,667
2020-05-01,Lambeth,20 - 24,692
2020-05-01,Lambeth,25 - 29,391
2020-05-01,Lewisham,15 - 19,377
2020-05-01,Lewisham,20 - 24,380
2020-05-01,Lewisham,25 - 29,254
2020-05-01,Merton,15 - 19,157
2020-05-01,Merton,20 - 24,213
2020-05-01,Merton,25 - 29,117
2020-05-01,Newham,15 - 19,540
2020-05-01,Newham,20 - 24,681
2020-05-01,Newham,25 - 29,439
2020-05-01,Redbridge,15 - 19,258
2020-05-01,Redbridge,20 - 24,327
2020-05-01,Redbridge,25 - 29,220
2020-05-01,Richmond upon Thames,15 - 19,179
2020-05-01,Richmond upon Thames,20 - 24,97
2020-05-01,Richmond upon Thames,25 - 29,50
2020-05-01,Southwark,15 - 19,566
2020-05-01,Southwark,20 - 24,520
2020-05-01,Southwark,25 - 29,266
2020-05-01,Sutton,15 - 19,197
2020-05-01,Sutton,20 - 24,179
2020-05-01,Sutton,25 - 29,90
2020-05-01,Tower Hamlets,15 - 19,581
2020-05-01,Tower Hamlets,20 - 24,740
2020-05-01,Tower Hamlets,25 - 29,412
2020-05-01,Waltham Forest,15 - 19,451
2020-05-01,Waltham Forest,20 - 24,394
2020-05-01,Waltham Forest,25 - 29,226
2020-05-01,Wandsworth,15 - 19,227
2020-05-01,Wandsworth,20 - 24,297
2020-05-01,Wandsworth,25 - 29,168
2020-05-01,Westminster,15 - 19,509
2020-05-01,Westminster,20 - 24,584
2020-05-01,Westminster,25 - 29,394
2020-06-01,Aviation Policing,15 - 19,1
2020-06-01,Aviation Policing,20 - 24,6
2020-06-01,Aviation Policing,25 - 29,4
2020-06-01,Barking & Dagenham,15 - 19,342
2020-06-01,Barking & Dagenham,20 - 24,325
2020-06-01,Barking & Dagenham,25 - 29,165
2020-06-01,Barnet,15 - 19,114
2020-06-01,Barnet,20 - 24,134
2020-06-01,Barnet,25 - 29,67
2020-06-01,Bexley,15 - 19,190
2020-06-01,Bexley,20 - 24,90
2020-06-01,Bexley,25 - 29,56
2020-06-01,Brent,15 - 19,200
2020-06-01,Brent,20 - 24,318
2020-06-01,Brent,25 - 29,188
2020-06-01,Bromley,15 - 19,286
2020-06-01,Bromley,20 - 24,185
2020-06-01,Bromley,25 - 29,91
2020-06-01,Camden,15 - 19,315
2020-06-01,Camden,20 - 24,259
2020-06-01,Camden,25 - 29,128
2020-06-01,Croydon,15 - 19,316
2020-06-01,Croydon,20 - 24,240
2020-06-01,Croydon,25 - 29,168
2020-06-01,Ealing,15 - 19,289
2020-06-01,Ealing,20 - 24,334
2020-06-01,Ealing,25 - 29,182
2020-06-01,Enfield,15 - 19,259
2020-06-01,Enfield,20 - 24,333
2020-06-01,Enfield,25 - 29,162
2020-06-01,Greenwich,15 - 19,337
2020-06-01,Greenwich,20 - 24,308
2020-06-01,Greenwich,25 - 29,175
2020-06-01,Hackney,15 - 19,303
2020-06-01,Hackney,20 - 24,236
2020-06-01,Hackney,25 - 29,126
2020-06-01,Hammersmith & Fulham,15 - 19,167
2020-06-01,Hammersmith & Fulham,20 - 24,185
2020-06-01,Hammersmith & Fulham,25 - 29,110
2020-06-01,Haringey,15 - 19,214
2020-06-01,Haringey,20 - 24,316
2020-06-01,Haringey,25 - 29,170
2020-06-01,Harrow,15 - 19,133
2020-06-01,Harrow,20 - 24,137
2020-06-01,Harrow,25 - 29,85
2020-06-01,Havering,15 - 19,182
2020-06-01,Havering,20 - 24,105
2020-06-01,Havering,25 - 29,70
2020-06-01,Hillingdon,15 - 19,183
2020-06-01,Hillingdon,20 - 24,206
2020-06-01,Hillingdon,25 - 29,94
2020-06-01,Hounslow,15 - 19,158
2020-06-01,Hounslow,20 - 24,217
2020-06-01,Hounslow,25 - 29,98
2020-06-01,Islington,15 - 19,262
2020-06-01,Islington,20 - 24,218
2020-06-01,Islington,25 - 29,137
2020-06-01,Kensington & Chelsea,15 - 19,135
2020-06-01,Kensington & Chelsea,20 - 24,169
2020-06-01,Kensington & Chelsea,25 - 29,128
2020-06-01,Kingston upon Thames,15 - 19,247
2020-06-01,Kingston upon Thames,20 - 24,146
2020-06-01,Kingston upon Thames,25 - 29,73
2020-06-01,Lambeth,15 - 19,305
2020-06-01,Lambeth,20 - 24,281
2020-06-01,Lambeth,25 - 29,153
2020-06-01,Lewisham,15 - 19,195
2020-06-01,Lewisham,20 - 24,204
2020-06-01,Lewisham,25 - 29,111
2020-06-01,Merton,15 - 19,190
2020-06-01,Merton,20 - 24,157
2020-06-01,Merton,25 - 29,98
2020-06-01,Newham,15 - 19,473
2020-06-01,Newham,20 - 24,529
2020-06-01,Newham,25 - 29,318
2020-06-01,Redbridge,15 - 19,263
2020-06-01,Redbridge,20 - 24,294
2020-06-01,Redbridge,25 - 29,153
2020-06-01,Richmond upon Thames,15 - 19,161
2020-06-01,Richmond upon Thames,20 - 24,110
2020-06-01,Richmond upon Thames,25 - 29,37
2020-06-01,Southwark,15 - 19,333
2020-06-01,Southwark,20 - 24,335
2020-06-01,Southwark,25 - 29,170
2020-06-01,Sutton,15 - 19,161
2020-06-01,Sutton,20 - 24,142
2020-06-01,Sutton,25 - 29,44
2020-06-01,Tower Hamlets,15 - 19,577
2020-06-01,Tower Hamlets,20 - 24,567
2020-06-01,Tower Hamlets,25 - 29,310
2020-06-01,Waltham Forest,15 - 19,395
2020-06-01,Waltham Forest,20 - 24,352
2020-06-01,Waltham Forest,25 - 29,179
2020-06-01,Wandsworth,15 - 19,185
2020-06-01,Wandsworth,20 - 24,215
2020-06-01,Wandsworth,25 - 29,145
2020-06-01,Westminster,15 - 19,404
2020-06-01,Westminster,20 - 24,480
2020-06-01,Westminster,25 - 29,281
2020-07-01,Aviation Policing,15 - 19,3
2020-07-01,Aviation Policing,20 - 24,7
2020-07-01,Aviation Policing,25 - 29,4
2020-07-01,Barking & Dagenham,15 - 19,192
2020-07-01,Barking & Dagenham,20 - 24,174
2020-07-01,Barking & Dagenham,25 - 29,96
2020-07-01,Barnet,15 - 19,133
2020-07-01,Barnet,20 - 24,154
2020-07-01,Barnet,25 - 29,75
2020-07-01,Bexley,15 - 19,99
2020-07-01,Bexley,20 - 24,89
2020-07-01,Bexley,25 - 29,60
2020-07-01,Brent,15 - 19,241
2020-07-01,Brent,20 - 24,410
2020-07-01,Brent,25 - 29,204
2020-07-01,Bromley,15 - 19,211
2020-07-01,Bromley,20 - 24,128
2020-07-01,Bromley,25 - 29,75
2020-07-01,Camden,15 - 19,269
2020-07-01,Camden,20 - 24,250
2020-07-01,Camden,25 - 29,148
2020-07-01,Croydon,15 - 19,242
2020-07-01,Croydon,20 - 24,278
2020-07-01,Croydon,25 - 29,174
2020-07-01,Ealing,15 - 19,152
2020-07-01,Ealing,20 - 24,246
2020-07-01,Ealing,25 - 29,130
2020-07-01,Enfield,15 - 19,125
2020-07-01,Enfield,20 - 24,201
2020-07-01,Enfield,25 - 29,93
2020-07-01,Greenwich,15 - 19,201
2020-07-01,Greenwich,20 - 24,205
2020-07-01,Greenwich,25 - 29,134
2020-07-01,Hackney,15 - 19,236
2020-07-01,Hackney,20 - 24,202
2020-07-01,Hackney,25 - 29,130
2020-07-01,Hammersmith & Fulham,15 - 19,126
2020-07-01,Hammersmith & Fulham,20 - 24,183
2020-07-01,Hammersmith & Fulham,25 - 29,83
2020-07-01,Haringey,15 - 19,129
2020-07-01,Haringey,20 - 24,188
2020-07-01,Haringey,25 - 29,120
2020-07-01,Harrow,15 - 19,105
2020-07-01,Harrow,20 - 24,174
2020-07-01,Harrow,25 - 29,80
2020-07-01,Havering,15 - 19,154
2020-07-01,Havering,20 - 24,143
2020-07-01,Havering,25 - 29,83
2020-07-01,Hillingdon,15 - 19,150
2020-07-01,Hillingdon,20 - 24,178
2020-07-01,Hillingdon,25 - 29,85
2020-07-01,Hounslow,15 - 19,133
2020-07-01,Hounslow,20 - 24,192
2020-07-01,Hounslow,25 - 29,119
2020-07-01,Islington,15 - 19,221
2020-07-01,Islington,20 - 24,212
2020-07-01,Islington,25 - 29,128
2020-07-01,Kensington & Chelsea,15 - 19,127
2020-07-01,Kensington & Chelsea,20 - 24,149
2020-07-01,Kensington & Chelsea,25 - 29,109
2020-07-01,Kingston upon Thames,15 - 19,127
2020-07-01,Kingston upon Thames,20 - 24,104
2020-07-01,Kingston upon Thames,25 - 29,63
2020-07-01,Lambeth,15 - 19,359
2020-07-01,Lambeth,20 - 24,275
2020-07-01,Lambeth,25 - 29,155
2020-07-01,Lewisham,15 - 19,131
2020-07-01,Lewisham,20 - 24,147
2020-07-01,Lewisham,25 - 29,87
2020-07-01,Merton,15 - 19,151
2020-07-01,Merton,20 - 24,116
2020-07-01,Merton,25 - 29,57
2020-07-01,Newham,15 - 19,389
2020-07-01,Newham,20 - 24,488
2020-07-01,Newham,25 - 29,267
2020-07-01,Redbridge,15 - 19,122
2020-07-01,Redbridge,20 - 24,192
2020-07-01,Redbridge,25 - 29,119
2020-07-01,Richmond upon Thames,15 - 19,110
2020-07-01,Richmond upon Thames,20 - 24,72
2020-07-01,Richmond upon Thames,25 - 29,34
2020-07-01,Southwark,15 - 19,440
2020-07-01,Southwark,20 - 24,304
2020-07-01,Southwark,25 - 29,170
2020-07-01,Sutton,15 - 19,100
2020-07-01,Sutton,20 - 24,100
2020-07-01,Sutton,25 - 29,51
2020-07-01,Tower Hamlets,15 - 19,377
2020-07-01,Tower Hamlets,20 - 24,374
2020-07-01,Tower Hamlets,25 - 29,234
2020-07-01,Waltham Forest,15 - 19,274
2020-07-01,Waltham Forest,20 - 24,273
2020-07-01,Waltham Forest,25 - 29,150
2020-07-01,Wandsworth,15 - 19,174
2020-07-01,Wandsworth,20 - 24,175
2020-07-01,Wandsworth,25 - 29,106
2020-07-01,Westminster,15 - 19,443
2020-07-01,Westminster,20 - 24,518
2020-07-01,Westminster,25 - 29,302
2020-08-01,Aviation Policing,15 - 19,2
2020-08-01,Aviation Policing,20 - 24,1
2020-08-01,Aviation Policing,25 - 29,2
2020-08-01,Barking & Dagenham,15 - 19,147
2020-08-01,Barking & Dagenham,20 - 24,129
2020-08-01,Barking & Dagenham,25 - 29,57
2020-08-01,Barnet,15 - 19,172
2020-08-01,Barnet,20 - 24,193
2020-08-01,Barnet,25 - 29,112
2020-08-01,Bexley,15 - 19,88
2020-08-01,Bexley,20 - 24,45
2020-08-01,Bexley,25 - 29,27
2020-08-01,Brent,15 - 19,214
2020-08-01,Brent,20 - 24,407
2020-08-01,Brent,25 - 29,280
2020-08-01,Bromley,15 - 19,184
2020-08-01,Bromley,20 - 24,82
2020-08-01,Bromley,25 - 29,67
2020-08-01,Camden,15 - 19,157
2020-08-01,Camden,20 - 24,156
2020-08-01,Camden,25 - 29,104
2020-08-01,Croydon,15 - 19,277
2020-08-01,Croydon,20 - 24,281
2020-08-01,Croydon,25 - 29,205
2020-08-01,Ealing,15 - 19,93
2020-08-01,Ealing,20 - 24,122
2020-08-01,Ealing,25 - 29,83
2020-08-01,Enfield,15 - 19,112
2020-08-01,Enfield,20 - 24,130
2020-08-01,Enfield,25 - 29,63
2020-08-01,Greenwich,15 - 19,145
2020-08-01,Greenwich,20 - 24,178
2020-08-01,Greenwich,25 - 29,79
2020-08-01,Hackney,15 - 19,145
2020-08-01,Hackney,20 - 24,138
2020-08-01,Hackney,25 - 29,99
2020-08-01,Hammersmith & Fulham,15 - 19,88
2020-08-01,Hammersmith & Fulham,20 - 24,101
2020-08-01,Hammersmith & Fulham,25 - 29,42
2020-08-01,Haringey,15 - 19,132
2020-08-01,Haringey,20 - 24,142
2020-08-01,Haringey,25 - 29,84
2020-08-01,Harrow,15 - 19,83
2020-08-01,Harrow,20 - 24,147
2020-08-01,Harrow,25 - 29,70
2020-08-01,Havering,15 - 19,78
2020-08-01,Havering,20 - 24,79
2020-08-01,Havering,25 - 29,48
2020-08-01,Hillingdon,15 - 19,87
2020-08-01,Hillingdon,20 - 24,126
2020-08-01,Hillingdon,25 - 29,64
2020-08-01,Hounslow,15 - 19,111
2020-08-01,Hounslow,20 - 24,132
2020-08-01,Hounslow,25 - 29,77
2020-08-01,Islington,15 - 19,116
2020-08-01,Islington,20 - 24,120
2020-08-01,Islington,25 - 29,68
2020-08-01,Kensington & Chelsea,15 - 19,122
2020-08-01,Kensington & Chelsea,20 - 24,141
2020-08-01,Kensington & Chelsea,25 - 29,82
2020-08-01,Kingston upon Thames,15 - 19,135
2020-08-01,Kingston upon Thames,20 - 24,84
2020-08-01,Kingston upon Thames,25 - 29,46
2020-08-01,Lambeth,15 - 19,254
2020-08-01,Lambeth,20 - 24,234
2020-08-01,Lambeth,25 - 29,159
2020-08-01,Lewisham,15 - 19,88
2020-08-01,Lewisham,20 - 24,85
2020-08-01,Lewisham,25 - 29,40
2020-08-01,Merton,15 - 19,86
2020-08-01,Merton,20 - 24,85
2020-08-01,Merton,25 - 29,64
2020-08-01,Newham,15 - 19,255
2020-08-01,Newham,20 - 24,316
2020-08-01,Newham,25 - 29,203
2020-08-01,Redbridge,15 - 19,121
2020-08-01,Redbridge,20 - 24,182
2020-08-01,Redbridge,25 - 29,95
2020-08-01,Richmond upon Thames,15 - 19,154
2020-08-01,Richmond upon Thames,20 - 24,36
2020-08-01,Richmond upon Thames,25 - 29,16
2020-08-01,Southwark,15 - 19,366
2020-08-01,Southwark,20 - 24,227
2020-08-01,Southwark,25 - 29,157
2020-08-01,Sutton,15 - 19,61
2020-08-01,Sutton,20 - 24,46
2020-08-01,Sutton,25 - 29,44
2020-08-01,Tower Hamlets,15 - 19,196
2020-08-01,Tower Hamlets,20 - 24,248
2020-08-01,Tower Hamlets,25 - 29,152
2020-08-01,Waltham Forest,15 - 19,282
2020-08-01,Waltham Forest,20 - 24,234
2020-08-01,Waltham Forest,25 - 29,119
2020-08-01,Wandsworth,15 - 19,126
2020-08-01,Wandsworth,20 - 24,121
2020-08-01,Wandsworth,25 - 29,50
2020-08-01,Westminster,15 - 19,397
2020-08-01,Westminster,20 - 24,480
2020-08-01,Westminster,25 - 29,289
2020-09-01,Aviation Policing,15 - 19,4
2020-09-01,Aviation Policing,20 - 24,3
2020-09-01,Aviation Policing,25 - 29,4
2020-09-01,Barking & Dagenham,15 - 19,127
2020-09-01,Barking & Dagenham,20 - 24,109
2020-09-01,Barking & Dagenham,25 - 29,55
2020-09-01,Barnet,15 - 19,102
2020-09-01,Barnet,20 - 24,132
2020-09-01,Barnet,25 - 29,58
2020-09-01,Bexley,15 - 19,86
2020-09-01,Bexley,20 - 24,58
2020-09-01,Bexley,25 - 29,42
2020-09-01,Brent,15 - 19,228
2020-09-01,Brent,20 - 24,260
2020-09-01,Brent,25 - 29,194
2020-09-01,Bromley,15 - 19,148
2020-09-01,Bromley,20 - 24,68
2020-09-01,Bromley,25 - 29,43
2020-09-01,Camden,15 - 19,167
2020-09-01,Camden,20 - 24,166
2020-09-01,Camden,25 - 29,100
2020-09-01,Croydon,15 - 19,222
2020-09-01,Croydon,20 - 24,237
2020-09-01,Croydon,25 - 29,131
2020-09-01,Ealing,15 - 19,121
2020-09-01,Ealing,20 - 24,174
2020-09-01,Ealing,25 - 29,99
2020-09-01,Enfield,15 - 19,115
2020-09-01,Enfield,20 - 24,150
2020-09-01,Enfield,25 - 29,73
2020-09-01,Greenwich,15 - 19,154
2020-09-01,Greenwich,20 - 24,153
2020-09-01,Greenwich,25 - 29,115
2020-09-01,Hackney,15 - 19,179
2020-09-01,Hackney,20 - 24,149
2020-09-01,Hackney,25 - 29,100
2020-09-01,Hammersmith & Fulham,15 - 19,65
2020-09-01,Hammersmith & Fulham,20 - 24,61
2020-09-01,Hammersmith & Fulham,25 - 29,27
2020-09-01,Haringey,15 - 19,214
2020-09-01,Haringey,20 - 24,220
2020-09-01,Haringey,25 - 29,96
2020-09-01,Harrow,15 - 19,101
2020-09-01,Harrow,20 - 24,140
2020-09-01,Harrow,25 - 29,75
2020-09-01,Havering,15 - 19,112
2020-09-01,Havering,20 - 24,87
2020-09-01,Havering,25 - 29,66
2020-09-01,Hillingdon,15 - 19,144
2020-09-01,Hillingdon,20 - 24,164
2020-09-01,Hillingdon,25 - 29,77
2020-09-01,Hounslow,15 - 19,78
2020-09-01,Hounslow,20 - 24,109
2020-09-01,Hounslow,25 - 29,58
2020-09-01,Islington,15 - 19,124
2020-09-01,Islington,20 - 24,131
2020-09-01,Islington,25 - 29,64
2020-09-01,Kensington & Chelsea,15 - 19,62
2020-09-01,Kensington & Chelsea,20 - 24,65
2020-09-01,Kensington & Chelsea,25 - 29,35
2020-09-01,Kingston upon Thames,15 - 19,163
2020-09-01,Kingston upon Thames,20 - 24,85
2020-09-01,Kingston upon Thames,25 - 29,38
2020-09-01,Lambeth,15 - 19,314
2020-09-01,Lambeth,20 - 24,285
2020-09-01,Lambeth,25 - 29,175
2020-09-01,Lewisham,15 - 19,65
2020-09-01,Lewisham,20 - 24,87
2020-09-01,Lewisham,25 - 29,39
2020-09-01,Merton,15 - 19,84
2020-09-01,Merton,20 - 24,59
2020-09-01,Merton,25 - 29,27
2020-09-01,Newham,15 - 19,262
2020-09-01,Newham,20 - 24,348
2020-09-01,Newham,25 - 29,178
2020-09-01,Redbridge,15 - 19,132
2020-09-01,Redbridge,20 - 24,200
2020-09-01,Redbridge,25 - 29,102
2020-09-01,Richmond upon Thames,15 - 19,85
2020-09-01,Richmond upon Thames,20 - 24,61
2020-09-01,Richmond upon Thames,25 - 29,19
2020-09-01,Southwark,15 - 19,499
2020-09-01,Southwark,20 - 24,345
2020-09-01,Southwark,25 - 29,161
2020-09-01,Sutton,15 - 19,92
2020-09-01,Sutton,20 - 24,58
2020-09-01,Sutton,25 - 29,36
2020-09-01,Tower Hamlets,15 - 19,247
2020-09-01,Tower Hamlets,20 - 24,383
2020-09-01,Tower Hamlets,25 - 29,223
2020-09-01,Waltham Forest,15 - 19,231
2020-09-01,Waltham Forest,20 - 24,201
2020-09-01,Waltham Forest,25 - 29,114
2020-09-01,Wandsworth,15 - 19,140
2020-09-01,Wandsworth,20 - 24,119
2020-09-01,Wandsworth,25 - 29,68
2020-09-01,Westminster,15 - 19,311
2020-09-01,Westminster,20 - 24,381
2020-09-01,Westminster,25 - 29,217
2020-10-01,Aviation Policing,15 - 19,2
2020-10-01,Aviation Policing,20 - 24,2
2020-10-01,Aviation Policing,25 - 29,3
2020-10-01,Barking & Dagenham,15 - 19,166
2020-10-01,Barking & Dagenham,20 - 24,108
2020-10-01,Barking & Dagenham,25 - 29,84
2020-10-01,Barnet,15 - 19,155
2020-10-01,Barnet,20 - 24,125
2020-10-01,Barnet,25 - 29,81
2020-10-01,Bexley,15 - 19,158
2020-10-01,Bexley,20 - 24,86
2020-10-01,Bexley,25 - 29,49
2020-10-01,Brent,15 - 19,216
2020-10-01,Brent,20 - 24,286
2020-10-01,Brent,25 - 29,165
2020-10-01,Bromley,15 - 19,274
2020-10-01,Bromley,20 - 24,105
2020-10-01,Bromley,25 - 29,60
2020-10-01,Camden,15 - 19,273
2020-10-01,Camden,20 - 24,224
2020-10-01,Camden,25 - 29,146
2020-10-01,Croydon,15 - 19,330
2020-10-01,Croydon,20 - 24,276
2020-10-01,Croydon,25 - 29,165
2020-10-01,Ealing,15 - 19,198
2020-10-01,Ealing,20 - 24,253
2020-10-01,Ealing,25 - 29,120
2020-10-01,Enfield,15 - 19,158
2020-10-01,Enfield,20 - 24,138
2020-10-01,Enfield,25 - 29,69
2020-10-01,Greenwich,15 - 19,267
2020-10-01,Greenwich,20 - 24,185
2020-10-01,Greenwich,25 - 29,132
2020-10-01,Hackney,15 - 19,252
2020-10-01,Hackney,20 - 24,204
2020-10-01,Hackney,25 - 29,130
2020-10-01,Hammersmith & Fulham,15 - 19,132
2020-10-01,Hammersmith & Fulham,20 - 24,92
2020-10-01,Hammersmith & Fulham,25 - 29,60
2020-10-01,Haringey,15 - 19,237
2020-10-01,Haringey,20 - 24,223
2020-10-01,Haringey,25 - 29,131
2020-10-01,Harrow,15 - 19,112
2020-10-01,Harrow,20 - 24,164
2020-10-01,Harrow,25 - 29,71
2020-10-01,Havering,15 - 19,134
2020-10-01,Havering,20 - 24,93
2020-10-01,Havering,25 - 29,58
2020-10-01,Hillingdon,15 - 19,162
2020-10-01,Hillingdon,20 - 24,204
2020-10-01,Hillingdon,25 - 29,92
2020-10-01,Hounslow,15 - 19,87
2020-10-01,Hounslow,20 - 24,151
2020-10-01,Hounslow,25 - 29,86
2020-10-01,Islington,15 - 19,172
2020-10-01,Islington,20 - 24,149
2020-10-01,Islington,25 - 29,74
2020-10-01,Kensington & Chelsea,15 - 19,142
2020-10-01,Kensington & Chelsea,20 - 24,74
2020-10-01,Kensington & Chelsea,25 - 29,63
2020-10-01,Kingston upon Thames,15 - 19,114
2020-10-01,Kingston upon Thames,20 - 24,116
2020-10-01,Kingston upon Thames,25 - 29,57
2020-10-01,Lambeth,15 - 19,360
2020-10-01,Lambeth,20 - 24,301
2020-10-01,Lambeth,25 - 29,171
2020-10-01,Lewisham,15 - 19,133
2020-10-01,Lewisham,20 - 24,116
2020-10-01,Lewisham,25 - 29,78
2020-10-01,Merton,15 - 19,87
2020-10-01,Merton,20 - 24,79
2020-10-01,Merton,25 - 29,35
2020-10-01,Newham,15 - 19,322
2020-10-01,Newham,20 - 24,305
2020-10-01,Newham,25 - 29,224
2020-10-01,Redbridge,15 - 19,130
2020-10-01,Redbridge,20 - 24,216
2020-10-01,Redbridge,25 - 29,118
2020-10-01,Richmond upon Thames,15 - 19,113
2020-10-01,Richmond upon Thames,20 - 24,68
2020-10-01,Richmond upon Thames,25 - 29,25
2020-10-01,Southwark,15 - 19,650
2020-10-01,Southwark,20 - 24,438
2020-10-01,Southwark,25 - 29,241
2020-10-01,Sutton,15 - 19,101
2020-10-01,Sutton,20 - 24,86
2020-10-01,Sutton,25 - 29,48
2020-10-01,Tower Hamlets,15 - 19,343
2020-10-01,Tower Hamlets,20 - 24,479
2020-10-01,Tower Hamlets,25 - 29,267
2020-10-01,Waltham Forest,15 - 19,348
2020-10-01,Waltham Forest,20 - 24,214
2020-10-01,Waltham Forest,25 - 29,112
2020-10-01,Wandsworth,15 - 19,166
2020-10-01,Wandsworth,20 - 24,140
2020-10-01,Wandsworth,25 - 29,80
2020-10-01,Westminster,15 - 19,477
2020-10-01,Westminster,20 - 24,368
2020-10-01,Westminster,25 - 29,254
